title,region,language,titleType,primaryTitle,startYear,genres,averageRating,numVotes,isAdult
The Governor,US,en,movie,The Governor,1915,Drama,6.1,300,0.0
Les Misérables,US,en,movie,Les Misérables,1917,Drama,5.9,19,0.0
Broken Blossoms,US,en,movie,Broken Blossoms,1919,"Drama,Romance",7.3,9115,0.0
The Lodger,GB,en,movie,The Lodger: A Story of the London Fog,1927,"Crime,Drama,Mystery",7.3,9755,0.0
Sunrise,US,en,movie,Sunrise,1927,"Drama,Romance",8.1,45492,0.0
The Blue Angel,US,en,movie,The Blue Angel,1930,"Drama,Music",7.7,13128,0.0
The Public Be Hanged,GB,en,movie,The World Gone Mad,1933,"Crime,Drama,Mystery",4.7,433,0.0
The Public Be Damned,US,en,movie,The World Gone Mad,1933,"Crime,Drama,Mystery",4.7,433,0.0
March of the Wooden Soldiers,US,en,movie,March of the Wooden Soldiers,1934,"Comedy,Family,Fantasy",7.2,5836,0.0
David Copperfield,US,en,movie,David Copperfield,1935,"Adventure,Drama,Romance",7.4,3618,0.0
Les Misérables,US,en,movie,Les Misérables,1935,"Drama,History,Romance",7.6,3224,0.0
Scotland Yard Commands,US,en,movie,Scotland Yard Commands,1936,"Action,Crime,Drama",6.5,39,0.0
Reefer Madness,US,en,movie,Reefer Madness,1936,"Crime,Drama",3.8,7599,0.0
Mad About Money,US,en,movie,Stardust,1938,"Comedy,Musical,Romance",4.5,28,0.0
He Loved an Actress,US,en,movie,Stardust,1938,"Comedy,Musical,Romance",4.5,28,0.0
The Colorado Trail,GB,en,movie,Pals of the Silver Sage,1940,"Action,Adventure,Music",5.6,14,0.0
The Jungle Book,US,en,movie,The Jungle Book,1942,"Action,Adventure,Family",6.7,3643,0.0
Henry V,GB,en,movie,Henry V,1944,"Biography,Drama,History",7.1,5526,0.0
Fort Apache,US,en,movie,Fort Apache,1948,"Action,Adventure,Western",7.5,15770,0.0
She Wore a Yellow Ribbon,US,en,movie,She Wore a Yellow Ribbon,1949,Western,7.3,15193,0.0
Gun Crazy,US,en,movie,Gun Crazy,1950,"Crime,Drama,Film-Noir",7.6,10909,0.0
Rio Grande,US,en,movie,Rio Grande,1950,"Romance,Western",7.1,13620,0.0
Last of the Comanches,US,en,movie,Last of the Comanches,1953,"Action,Adventure,Western",6.4,613,0.0
Les Miserables,US,en,movie,Les Miserables,1952,"Adventure,Drama,History",6.8,895,0.0
G.E. True Theater,US,en,tvSeries,General Electric Theater,1953,"Comedy,Drama",6.1,233,0.0
G.E. Theater,US,en,tvSeries,General Electric Theater,1953,"Comedy,Drama",6.1,233,0.0
The Ditch,US,en,movie,The Ditch,1954,Drama,7.5,57,0.0
The Warriors,US,en,movie,The Warriors,1955,"Adventure,Drama,History",6.0,468,0.0
The Music Room,US,en,movie,The Music Room,1958,"Drama,Music",8.0,4823,0.0
The World of Apu,GB,en,movie,The World of Apu,1959,Drama,8.5,10854,0.0
Apu 3: The World of Apu,US,en,movie,The World of Apu,1959,Drama,8.5,10854,0.0
The World of Apu,US,en,movie,The World of Apu,1959,Drama,8.5,10854,0.0
Carry on Constable,GB,en,movie,Carry on Constable,1960,Comedy,6.3,2084,0.0
Psycho,US,en,movie,Psycho,1960,"Horror,Mystery,Thriller",8.5,575162,0.0
I Eat Your Skin,US,en,movie,I Eat Your Skin,1971,Horror,3.5,1192,0.0
What a Carve Up,GB,en,movie,No Place Like Homicide!,1961,"Comedy,Horror,Mystery",6.4,739,0.0
Crazy Desire,US,en,movie,Crazy Desire,1962,"Comedy,Drama,Romance",6.9,323,0.0
Carry On Jack,GB,en,movie,Carry On Jack,1964,"Adventure,Comedy,Romance",5.9,1974,0.0
Paris When It Sizzles,US,en,movie,Paris When It Sizzles,1964,"Comedy,Romance",6.4,7453,0.0
Viva Las Vegas,US,en,movie,Viva Las Vegas,1964,"Comedy,Musical",6.4,6409,0.0
Man from Nowhere,US,en,movie,Man from Nowhere,1966,Western,6.2,462,0.0
Blow-Up,GB,en,movie,Blow-Up,1966,"Drama,Mystery,Thriller",7.6,53943,0.0
Cul-de-sac,GB,en,movie,Cul-de-sac,1966,"Comedy,Drama,Thriller",7.1,11248,0.0
The Russians Are Coming! The Russians Are Coming!,US,en,movie,The Russians Are Coming! The Russians Are Coming!,1966,"Comedy,War",7.1,7625,0.0
Sands of Beersheba,US,en,movie,Sands of Beersheba,1964,Drama,4.4,9,0.0
Dear Caroline,GB,en,movie,Caroline chérie,1968,"Drama,History",4.8,58,0.0
Common Law Cabin,US,en,movie,Common Law Cabin,1967,Comedy,4.9,602,0.0
Bob Dylan: Dont Look Back,US,en,movie,Bob Dylan: Dont Look Back,1967,"Documentary,Music",8.0,8036,0.0
The Fearless Vampire Killers,US,en,movie,The Fearless Vampire Killers,1967,"Comedy,Horror",7.2,28561,0.0
The Vengeance of Pancho Villa,GB,en,movie,Los 7 de Pancho Villa,1967,"Drama,Western",3.9,20,0.0
Rowan & Martin's Laugh-In,US,en,tvSeries,Rowan & Martin's Laugh-In,1967,"Comedy,Music",8.0,2416,0.0
"Buona Sera, Mrs. Campbell",US,en,movie,"Buona Sera, Mrs. Campbell",1968,"Comedy,Romance",6.8,1368,0.0
The High Commissioner,GB,en,movie,The High Commissioner,1968,"Action,Drama,Thriller",6.1,492,0.0
Las Vegas Free-for-All,US,en,movie,Las Vegas Free-for-All,1967,"Action,Adventure,Comedy",5.7,9,0.0
Who's That Knocking at My Door,US,en,movie,Who's That Knocking at My Door,1967,"Drama,Romance",6.7,7985,0.0
Where Are You Going All Naked?,GB,en,movie,Dove vai tutta nuda?,1969,Comedy,6.2,71,0.0
Eugenie,US,en,movie,Eugenie,1970,"Drama,Horror",5.4,1380,0.0
The Aristocats,US,en,movie,The Aristocats,1970,"Adventure,Animation,Comedy",7.1,89567,0.0
Violent City,US,en,movie,Violent City,1970,"Action,Crime,Thriller",6.4,2150,0.0
The Party at Kitty and Stud's,US,en,movie,The Party at Kitty and Stud's,1970,"Adult,Comedy,Drama",2.6,2066,1.0
The Touch,US,en,movie,The Touch,1971,Drama,6.3,1317,0.0
One of Those Things,GB,en,movie,Hændeligt uheld,1971,Drama,6.1,62,0.0
Macbeth,GB,en,movie,Macbeth,1971,"Biography,Drama,History",7.4,12155,0.0
The Ωmega Man,US,en,movie,The Ωmega Man,1971,"Action,Drama,Sci-Fi",6.5,27994,0.0
Wake in Fright,GB,en,movie,Wake in Fright,1971,"Drama,Thriller",7.7,9582,0.0
The Sidelong Glances of a Pigeon Kicker,US,en,movie,The Sidelong Glances of a Pigeon Kicker,1970,Comedy,5.8,60,0.0
Summer of '42,US,en,movie,Summer of '42,1971,"Drama,Romance",7.3,6907,0.0
Are You Being Served?,GB,en,tvSeries,Are You Being Served?,1972,Comedy,8.0,6725,0.0
The New Price Is Right,US,en,tvSeries,The Price Is Right,1972,"Family,Game-Show,Reality-TV",7.5,3149,0.0
Dracula A.D. 1972,GB,en,movie,Dracula A.D. 1972,1972,Horror,6.0,5263,0.0
The Godfather,US,en,movie,The Godfather,1972,"Crime,Drama",9.2,1546076,0.0
Star Trek: The Animated Series,US,en,tvSeries,Star Trek: The Animated Series,1973,"Action,Adventure,Animation",7.5,5588,0.0
"Brother Sun, Sister Moon",GB,en,movie,"Brother Sun, Sister Moon",1972,"Biography,Drama,History",7.2,4021,0.0
Don't Look in the Basement,US,en,movie,Don't Look in the Basement,1973,"Horror,Thriller",5.1,2767,0.0
The Exorcist,US,en,movie,The Exorcist,1973,Horror,8.0,350313,0.0
The Hourglass Sanatorium,GB,en,movie,The Hourglass Sanatorium,1973,"Drama,Fantasy,Horror",7.7,3143,0.0
The Hourglass Sanatorium,US,en,movie,The Hourglass Sanatorium,1973,"Drama,Fantasy,Horror",7.7,3143,0.0
Death Wish,US,en,movie,Death Wish,1974,"Action,Crime,Drama",7.0,34128,0.0
"Reason, Debate and a Story",US,en,movie,"Reason, Debate and a Story",1974,Drama,7.2,334,0.0
The Klansman,US,en,movie,The Klansman,1974,"Crime,Drama,Thriller",5.2,1257,0.0
And Then There Were None,GB,en,movie,Ten Little Indians,1974,"Mystery,Thriller",5.7,2632,0.0
Ten Little Indians,US,en,movie,Ten Little Indians,1974,"Mystery,Thriller",5.7,2632,0.0
10 Little Indians,US,en,movie,Ten Little Indians,1974,"Mystery,Thriller",5.7,2632,0.0
The Secrets of Isis,US,en,tvSeries,The Secrets of Isis,1975,"Adventure,Family,Fantasy",6.8,865,0.0
Devil Woman,US,en,movie,Devil Woman,1973,"Action,Fantasy,Horror",4.8,86,0.0
Slade in Flame,GB,en,movie,Slade in Flame,1975,"Drama,Music,Musical",6.9,540,0.0
The Image,US,en,movie,The Image,1975,"Adult,Drama",6.2,1547,1.0
Open All Hours,GB,en,tvSeries,Open All Hours,1976,Comedy,7.6,4506,0.0
Once Upon a Time,US,en,movie,Once Upon a Time,1973,"Animation,Family,Fantasy",5.6,137,0.0
Are You Being Served?,GB,en,movie,Are You Being Served?,1977,"Action,Adventure,Comedy",6.3,2254,0.0
Star Wars: Episode IV - A New Hope,US,en,movie,Star Wars: Episode IV - A New Hope,1977,"Action,Adventure,Fantasy",8.6,1191009,0.0
The Gun,US,en,movie,The Gun,1978,"Crime,Drama",6.4,75,0.0
Jukebox,US,en,movie,Jukebox,1978,"Drama,Music",5.7,39,0.0
I Spit on Your Grave,US,en,movie,I Spit on Your Grave,1978,"Horror,Thriller",5.7,25116,0.0
Made in Iran,US,en,movie,Made in Iran,1978,"Crime,Drama",6.7,54,0.0
9 to 5,US,en,movie,9 to 5,1980,Comedy,6.8,26289,0.0
Star Wars: Episode V - The Empire Strikes Back,US,en,movie,Star Wars: Episode V - The Empire Strikes Back,1980,"Action,Adventure,Fantasy",8.7,1118481,0.0
Galaxy Express 999: The Signature Edition,US,en,movie,Galaxy Express 999,1979,"Action,Adventure,Animation",7.4,1781,0.0
The Shining,GB,en,movie,The Shining,1980,"Drama,Horror",8.4,853107,0.0
Vivian Stanshall's Sir Henry at Rawlinson End,GB,en,movie,Sir Henry at Rawlinson End,1980,Comedy,6.9,372,0.0
Demon Rage,US,en,movie,Satan's Mistress,1982,"Horror,Romance",3.3,369,0.0
Sweet Sixteen,US,en,movie,Sweet Sixteen,1983,"Horror,Thriller",5.2,1334,0.0
E.T. the Extra-Terrestrial,US,en,movie,E.T. the Extra-Terrestrial,1982,"Family,Sci-Fi",7.8,357012,0.0
G'olé!,GB,en,movie,G'olé!,1983,"Documentary,Sport",7.2,116,0.0
The Mission,US,en,movie,The Mission,1983,Drama,6.6,167,0.0
The Wizard of Oz,US,en,movie,The Wizard of Oz,1982,"Adventure,Animation,Comedy",6.8,337,0.0
Blackadder,GB,en,tvSeries,Blackadder,1982,Comedy,8.1,34399,0.0
"It's Called 'Murder', Baby",US,en,movie,"It's Called 'Murder', Baby",1983,"Adult,Drama,Mystery",6.1,192,1.0
National Lampoon's Vacation,GB,en,movie,National Lampoon's Vacation,1983,"Adventure,Comedy",7.4,92447,0.0
The Doctor's Pupil,US,en,movie,The Doctor's Pupil,1984,"Comedy,Family,History",7.1,56,0.0
Ghostbusters,US,en,movie,Ghostbusters,1984,"Action,Comedy,Fantasy",7.8,342589,0.0
1984,GB,en,movie,1984,1984,"Drama,Sci-Fi",7.1,63551,0.0
The Fantasies of Miss Jones,US,en,movie,The Fantasies of Miss Jones,1986,"Comedy,Drama,Romance",4.7,132,0.0
Sugar Water,US,en,movie,Secerna vodica,1983,Comedy,7.1,590,0.0
National Lampoon's European Vacation,US,en,movie,National Lampoon's European Vacation,1985,"Adventure,Comedy",6.2,55888,0.0
He-Man and She-Ra: The Secret of the Sword,US,en,movie,He-Man and She-Ra: The Secret of the Sword,1985,"Action,Adventure,Animation",7.2,2286,0.0
What Happened to Kerouac?,US,en,movie,What Happened to Kerouac?,1986,"Biography,Documentary,History",7.1,278,0.0
9½ Weeks,US,en,movie,9½ Weeks,1986,"Drama,Romance",6.0,36204,0.0
The Wonderful Wizard of Oz,US,en,tvSeries,The Wonderful Wizard of Oz,1986,"Adventure,Animation,Family",7.7,223,0.0
Beetlejuice,US,en,movie,Beetlejuice,1988,"Comedy,Fantasy",7.5,248000,0.0
Hello Bombay!,GB,en,movie,Hello Bombay!,1988,"Crime,Drama",8.0,8220,0.0
Chip 'n' Dale Rescue Rangers,US,en,tvSeries,Chip 'n' Dale Rescue Rangers,1988,"Adventure,Animation,Comedy",7.6,16468,0.0
Live! with Kelly,US,en,tvSeries,Live with Kelly and Ryan,1983,Talk-Show,4.6,1682,0.0
Live with Kelly and Ryan,US,en,tvSeries,Live with Kelly and Ryan,1983,Talk-Show,4.6,1682,0.0
Crackdown,US,en,movie,Crackdown,1991,"Action,Crime,Drama",6.1,37,0.0
Who Shot Pat?,US,en,movie,Who Shot Pat?,1989,Comedy,4.4,342,0.0
Wild at Heart,GB,en,movie,Wild at Heart,1990,"Comedy,Crime,Drama",7.2,79207,0.0
Tropical Heat,US,en,tvSeries,Tropical Heat,1991,"Action,Drama",7.9,1532,0.0
And the Wind Returneth,US,en,movie,And the Wind Returneth,1992,"Biography,Drama",6.1,29,0.0
The Silence of the Lambs,US,en,movie,The Silence of the Lambs,1991,"Crime,Drama,Thriller",8.6,1213875,0.0
The Great Day on the Beach,US,en,movie,The Great Day on the Beach,1991,Family,6.8,549,0.0
Terminator 2: Judgment Day,US,en,movie,Terminator 2: Judgment Day,1991,"Action,Sci-Fi",8.5,963089,0.0
Whore,US,en,movie,Whore,1991,Drama,5.6,3362,0.0
Beyond the Law,US,en,movie,Beyond the Law,1993,"Crime,Drama,Thriller",6.6,6033,0.0
Black to the Promised Land,US,en,movie,Black to the Promised Land,1992,Documentary,7.3,19,0.0
Dead Alive,US,en,movie,Dead Alive,1992,"Comedy,Horror",7.5,89340,0.0
Bram Stoker's Dracula,US,en,movie,Bram Stoker's Dracula,1992,Horror,7.4,184439,0.0
Erotic Ghost Story III,US,en,movie,Erotic Ghost Story III,1992,"Drama,Fantasy",5.1,159,0.0
The Mighty Ducks,GB,en,movie,The Mighty Ducks,1992,"Comedy,Drama,Family",6.5,56217,0.0
Reservoir Dogs,GB,en,movie,Reservoir Dogs,1992,"Crime,Drama,Thriller",8.3,884013,0.0
Leaving Lenin,GB,en,movie,Leaving Lenin,1993,Comedy,7.5,53,0.0
The Nightmare Before Christmas,US,en,movie,The Nightmare Before Christmas,1993,"Animation,Family,Fantasy",8.0,282297,0.0
What's Love Got to Do with It,US,en,movie,What's Love Got to Do with It,1993,"Biography,Drama,Music",7.3,16366,0.0
DNA²,US,en,tvSeries,DNA²,1994,"Animation,Comedy,Romance",6.5,281,0.0
Cold Fever,US,en,movie,Cold Fever,1995,"Comedy,Drama,Mystery",7.0,1692,0.0
Mary Shelley's Frankenstein,US,en,movie,Mary Shelley's Frankenstein,1994,"Drama,Horror,Romance",6.4,49748,0.0
The Lion King 3D,US,en,movie,The Lion King,1994,"Adventure,Animation,Drama",8.5,904022,0.0
King of the Jungle,US,en,movie,The Lion King,1994,"Adventure,Animation,Drama",8.5,904022,0.0
Pulp Fiction,US,en,movie,Pulp Fiction,1994,"Crime,Drama",8.9,1756048,0.0
The Shawshank Redemption,US,en,movie,The Shawshank Redemption,1994,Drama,9.3,2241596,0.0
Heaven and Earth,US,en,movie,Heaven and Earth,1994,"Action,Crime,Drama",6.1,145,0.0
The Righteous (1994),US,en,movie,The Righteous (1994),1994,Documentary,7.7,6,0.0
Starla and the Jewel Riders,US,en,tvSeries,Starla and the Jewel Riders,1995,"Adventure,Animation,Family",7.3,176,0.0
Secret Sins,US,en,movie,Secret Sins,1995,Drama,5.1,87,0.0
Spooks,GB,en,tvSeries,Spooks,2002,"Action,Crime,Drama",8.2,13925,0.0
Deadly Instincts,US,en,movie,Deadly Instincts,1997,"Horror,Sci-Fi",3.1,968,0.0
No Response from Car 33,US,en,movie,No Response from Car 33,1955,Action,7.5,6,0.0
Gladiator,US,en,movie,Gladiator,2000,"Action,Adventure,Drama",8.5,1289479,0.0
Gendernauts: A Journey Through Shifting Identities,US,en,movie,Gendernauts: A Journey Through Shifting Identities,1999,Documentary,5.9,140,0.0
From Bangkok with Orders to Kill,GB,en,movie,Huang se sha shou,1972,"Action,Drama",6.1,70,0.0
The New Adventures of Jonny Quest,US,en,tvSeries,The New Adventures of Jonny Quest,1986,"Action,Adventure,Animation",7.2,1065,0.0
Caged Men,GB,en,movie,Caged Men,1971,"Crime,Drama",6.2,51,0.0
A.I. Artificial Intelligence,US,en,movie,A.I. Artificial Intelligence,2001,"Drama,Sci-Fi",7.2,283977,0.0
Invasion UFO,GB,en,movie,Invasion: UFO,1974,"Action,Drama,Sci-Fi",5.9,307,0.0
Fist of Legends 2: Iron Bodyguards,GB,en,movie,Fist of Legends 2: Iron Bodyguards,1996,Action,4.6,93,0.0
Heroes Blood,US,en,movie,Heroes Blood,1992,\N,4.7,12,0.0
Transformers: Robots in Disguise,US,en,tvSeries,Transformers: Robots in Disguise,2000,"Action,Adventure,Animation",6.7,469,0.0
Echos of Enlightenment,US,en,movie,Echos of Enlightenment,2001,"Drama,Mystery,Sci-Fi",6.2,83,0.0
Star Trek: Enterprise,US,en,tvSeries,Star Trek: Enterprise,2001,"Action,Adventure,Drama",7.5,43364,0.0
The Dummy,US,en,movie,The Dummy,2002,"Comedy,Drama,Romance",6.7,6363,0.0
Nazi Concentration and Prison Camps,US,en,movie,Nazi Concentration and Prison Camps,1945,"Documentary,History",8.3,992,0.0
Corky Romano,US,en,movie,Corky Romano,2001,"Comedy,Crime",4.7,12297,0.0
The Pianist,US,en,movie,The Pianist,2002,"Biography,Drama,Music",8.5,695564,0.0
Naked Are the Cheaters,US,en,movie,Naked Are the Cheaters,1970,"Adult,Drama",5.5,8,1.0
A Christmas Carol,GB,en,movie,A Christmas Carol,2001,"Animation,Family",5.5,1669,0.0
Roads to Riches,US,en,movie,Roads to Riches,2002,"Comedy,Drama",5.2,438,0.0
Virtual Weapon,US,en,movie,Virtual Weapon,1997,"Comedy,Crime",4.7,356,0.0
Peter Pan 2: Return to Never Land,US,en,movie,Peter Pan 2: Return to Never Land,2002,"Adventure,Animation,Family",5.8,17720,0.0
Desert Lovers,US,en,tvSeries,Desert Lovers,2001,"Drama,Romance",8.0,65,0.0
The Jungle Book 2,US,en,movie,The Jungle Book 2,2003,"Adventure,Animation,Family",5.4,14519,0.0
Care Bears,US,en,tvSeries,Care Bears,1985,"Animation,Comedy,Family",6.1,2940,0.0
"Vendetta: No Conscience, No Mercy",US,en,movie,"Vendetta: No Conscience, No Mercy",2004,"Action,Crime,Drama",4.8,249,0.0
Bounty Huntress: Undercover,US,en,movie,Bounty Huntress: Undercover,2001,"Action,Crime,Drama",3.7,122,0.0
Aqua Teen Hunger Force,US,en,tvSeries,Aqua Teen Hunger Force,2000,"Animation,Comedy",7.6,22142,0.0
The Bounty Huntress,US,en,movie,The Bounty Huntress,2001,"Action,Drama",3.6,66,0.0
Chances Are,US,en,movie,Chances Are,2001,"Comedy,Romance",8.4,35,0.0
Anthony Bourdain's a Cook's Tour,US,en,tvSeries,Anthony Bourdain's a Cook's Tour,2002,Documentary,8.1,520,0.0
The Divorce,US,en,movie,The Divorce,2003,"Comedy,Drama,Romance",4.9,10821,0.0
The Boy from Wolf Mountain,GB,en,movie,Time of the Wolf,2002,Drama,6.2,242,0.0
A Peck on the Cheek,US,en,movie,Kannathil Muthamittal,2002,"Action,Drama,War",8.4,6947,0.0
Area K,US,en,movie,Area K,2002,"Crime,Documentary,Drama",7.6,12,0.0
The Incredibles,US,en,movie,The Incredibles,2004,"Action,Adventure,Animation",8.0,635812,0.0
American Idol,US,en,tvSeries,American Idol,2002,"Game-Show,Music,Reality-TV",4.1,20762,0.0
The Perfect Catch,US,en,movie,The Perfect Catch,2005,"Comedy,Drama,Romance",6.2,41465,0.0
School of Rock,US,en,movie,School of Rock,2003,"Comedy,Music",7.1,258439,0.0
Local Angel,US,en,movie,Local Angel,2002,Documentary,5.9,15,0.0
Bluer Than Indigo: Fate,US,en,tvSeries,Bluer Than Indigo,2002,"Animation,Comedy,Romance",7.2,351,0.0
Fighting Cooking Legend Bistro Recipe,US,en,tvSeries,Fighting Cooking Legend Bistro Recipe,2001,"Adventure,Animation,Comedy",6.5,93,0.0
The Straun House,US,en,movie,The Straun House,2005,"Horror,Thriller",2.6,306,0.0
The Scare Hole,US,en,movie,The Scare Hole,2004,"Drama,Thriller",4.6,359,0.0
Pilgrim's Progress,US,en,movie,Pilgrim's Progress,1978,Adventure,5.7,228,0.0
Lost in New Mexico: The Strange Tale of Susan Hero,US,en,movie,Lost in New Mexico: The Strange Tale of Susan Hero,2007,"Drama,Romance,Sci-Fi",6.2,19,0.0
The Stranger,US,en,movie,Anniyan,2005,"Action,Drama,Thriller",8.2,13287,0.0
Gold Diggers,US,en,movie,Gold Diggers,2003,"Comedy,Crime",3.0,2351,0.0
Dream,US,en,movie,Dream,2005,"Comedy,Drama,Music",5.2,499,0.0
Tokyo Godfathers,GB,en,movie,Tokyo Godfathers,2003,"Adventure,Animation,Comedy",7.8,28979,0.0
The Land Has Eyes,US,en,movie,The Land Has Eyes,2004,Drama,5.8,113,0.0
1994 FIFA World Cup USA,US,en,tvSeries,1994 FIFA World Cup USA,1994,Sport,7.4,161,0.0
State Property: Blood on the Streets,US,en,movie,State Property: Blood on the Streets,2005,"Action,Crime,Drama",4.6,1333,0.0
The Departed,US,en,movie,The Departed,2006,"Crime,Drama,Thriller",8.5,1142974,0.0
Lovewrecked,US,en,movie,Lovewrecked,2005,"Adventure,Comedy,Romance",4.8,13832,0.0
House,US,en,tvSeries,House,2004,"Drama,Mystery",8.7,398093,0.0
Mrs. Henderson Presents,US,en,movie,Mrs Henderson Presents,2005,"Comedy,Drama,Music",7.0,14904,0.0
Spirits,US,en,movie,Spirits,2004,"Horror,Thriller",5.4,205,0.0
Shooting Dogs,GB,en,movie,Beyond the Gates,2005,"Drama,History,War",7.7,10788,0.0
Click,GB,en,movie,Imagine Me & You,2005,"Comedy,Drama,Romance",6.8,28896,0.0
Alita: Battle Angel,US,en,movie,Alita: Battle Angel,2019,"Action,Adventure,Sci-Fi",7.3,207183,0.0
Two Sons of Francisco,US,en,movie,Two Sons of Francisco,2005,"Biography,Drama",6.8,4656,0.0
Nuremberg,US,en,movie,Nuremberg,1948,Documentary,6.6,76,0.0
Of Ashes and Atoms: The Story of the NASA Plum Brook Reactor Facility,US,en,movie,Of Ashes and Atoms: The Story of the NASA Plum Brook Reactor Facility,2004,Documentary,8.9,10,0.0
Lady Vengeance,GB,en,movie,Lady Vengeance,2005,"Crime,Drama,Thriller",7.6,69045,0.0
Dark Harvest II: The Maize,US,en,movie,Dark Harvest II: The Maize,2004,Horror,1.9,2578,0.0
Wonder Woman,US,en,movie,Wonder Woman,2017,"Action,Adventure,Fantasy",7.4,527297,0.0
29th & Gay,US,en,movie,29th & Gay,2005,Comedy,5.0,293,0.0
The Smart Hunt,US,en,movie,Vettaiyaadu Vilaiyaadu,2006,"Action,Crime,Thriller",7.9,6288,0.0
The Equalizer,US,en,movie,The Equalizer,2014,"Action,Crime,Thriller",7.2,320133,0.0
Language of the Enemy,US,en,movie,Language of the Enemy,2008,Drama,6.0,190,0.0
Lost in Love,GB,en,movie,Lost in Love,2005,"Comedy,Romance",6.0,322,0.0
Khosla's Nest,US,en,movie,Khosla's Nest,2006,"Comedy,Crime,Drama",8.3,21339,0.0
The Dark Knight,US,en,movie,The Dark Knight,2008,"Action,Crime,Drama",9.0,2210973,0.0
Alan Partridge,US,en,movie,Alan Partridge,2013,"Action,Comedy,Crime",6.9,29072,0.0
Hey Good Looking!,GB,en,movie,Hey Good Looking!,2006,"Comedy,Romance",5.3,707,0.0
The Shark Is Still Working: The Impact & Legacy of 'Jaws',US,en,movie,The Shark Is Still Working: The Impact & Legacy of 'Jaws',2007,Documentary,7.6,609,0.0
The Wedding Weekend,US,en,movie,The Wedding Weekend,2006,"Comedy,Drama,Music",5.6,615,0.0
Aberration,US,en,movie,Aberration,2007,"Horror,Thriller",2.4,266,0.0
U Want Me 2 Kill Him?,GB,en,movie,U Want Me 2 Kill Him?,2013,"Drama,Thriller",6.3,2350,0.0
Vengeance,GB,en,movie,Vengeance,2006,"Action,Crime,Drama",3.6,132,0.0
Vengeance,US,en,movie,Vengeance,2006,"Action,Crime,Drama",3.6,132,0.0
Fantastic 4: Rise of the Silver Surfer,US,en,movie,Fantastic 4: Rise of the Silver Surfer,2007,"Action,Adventure,Family",5.6,245919,0.0
Silence,US,en,movie,Silence,2016,"Drama,History",7.2,95053,0.0
Love You to Death,US,en,tvSeries,Love You to Death,2006,"Crime,Drama,Fantasy",7.3,259,0.0
Inner Circle Line,US,en,movie,Inner Circle Line,2006,Drama,7.8,34,0.0
Paper Dolls,US,en,movie,Paper Dolls,2006,Documentary,7.4,165,0.0
Iи Traиzit,GB,en,movie,In Tranzit,2008,"Drama,Romance,War",5.8,2109,0.0
Meet Bill,US,en,movie,Meet Bill,2007,"Comedy,Drama",6.2,19196,0.0
The Dallas Buyers Club,US,en,movie,Dallas Buyers Club,2013,"Biography,Drama",8.0,424174,0.0
The Dirt,US,en,movie,The Dirt,2019,"Biography,Comedy,Drama",7.0,35437,0.0
"Lust, Caution",US,en,movie,"Lust, Caution",2007,"Drama,History,Romance",7.5,36007,0.0
Interstellar,US,en,movie,Interstellar,2014,"Adventure,Drama,Sci-Fi",8.6,1416112,0.0
Pet Sematary,US,en,movie,Pet Sematary,2019,"Horror,Mystery,Thriller",5.7,73426,0.0
The Last House on the Left,US,en,movie,The Last House on the Left,2009,"Horror,Thriller",6.5,82893,0.0
A Melody Looking,US,en,movie,A Melody Looking,2006,Musical,5.4,27,0.0
Hoop Days,US,en,tvSeries,Hoop Days,2003,"Animation,Drama,Sport",6.1,48,0.0
It's Hard to Be Nice,GB,en,movie,It's Hard to Be Nice,2007,"Comedy,Drama",7.4,1006,0.0
The Day of the Dead,US,en,movie,The Day of the Dead,2007,"Horror,Thriller",4.6,54,0.0
Dogging: A Love Story,GB,en,movie,Public Sex,2009,"Comedy,Drama",4.5,507,0.0
Precious,US,en,movie,Precious,2009,Drama,7.3,103278,0.0
The Making of 'The Spy Who Loved Me',GB,en,tvSeries,The Making of 'The Spy Who Loved Me',1977,Documentary,7.8,12,0.0
Green Zone,US,en,movie,Green Zone,2010,"Action,Drama,Thriller",6.8,126441,0.0
Spiderman,US,en,movie,The Amazing Spider-Man,2012,"Action,Adventure,Sci-Fi",6.9,545736,0.0
Ingenious,US,en,movie,Ingenious,2009,"Comedy,Drama,Romance",5.8,1830,0.0
P Storm,US,en,movie,P Storm,2019,"Action,Crime",5.8,464,0.0
Vellai Pookal,US,en,movie,Vellai Pookal,2019,"Crime,Drama,Thriller",7.2,1183,0.0
Killing Sarai,US,en,movie,Killing Sarai,2019,"Romance,Thriller",5.7,182,0.0
The Anna Nicole Smith Story,US,en,movie,The Anna Nicole Smith Story,2007,"Biography,Drama",4.4,528,0.0
Feel Good,GB,en,tvSeries,Feel Good,2020,"Comedy,Drama,Romance",7.5,2744,0.0
Kingdom Men Rising,US,en,movie,Kingdom Men Rising,2019,Documentary,8.1,38,0.0
Ninja Warrior,US,en,tvSeries,Ninja Warrior,2007,"Reality-TV,Sport",8.0,971,0.0
Desire Game,US,en,movie,Desire Game,2019,"Crime,Mystery,Sci-Fi",4.7,10,0.0
Killer in Law,US,en,movie,Killer in Law,2018,Thriller,5.0,188,0.0
Lesbian Vampire Killers,GB,en,movie,Vampire Killers,2009,"Action,Comedy,Fantasy",5.1,19252,0.0
500 Days of Summer,US,en,movie,500 Days of Summer,2009,"Comedy,Drama,Romance",7.7,459378,0.0
First Love,US,en,movie,First Love,2019,"Comedy,Crime,Romance",6.9,3374,0.0
London Heist,GB,en,movie,Gunned Down,2017,"Action,Thriller",5.1,843,0.0
Gemini Man,US,en,movie,Gemini Man,2019,"Action,Drama,Sci-Fi",5.7,64077,0.0
Death Proof,US,en,movie,Death Proof,2007,"Action,Adventure,Thriller",7.0,260419,0.0
Totally Spies! The Movie,US,en,movie,Totally Spies! The Movie,2009,"Action,Adventure,Animation",6.5,382,0.0
A Chance to Love,US,en,tvSeries,A Chance to Love,2007,"Crime,Drama,Romance",7.5,81,0.0
Camp Hell,US,en,movie,Camp Hell,2010,"Drama,Horror",3.5,2055,0.0
The Family,US,en,tvSeries,The Family,2019,Documentary,6.4,2527,0.0
Back to School,US,en,movie,Back to School,2019,Comedy,5.3,865,0.0
Planet Terror,US,en,movie,Planet Terror,2007,"Action,Adventure,Comedy",7.1,195916,0.0
The Baby Proposal,US,en,movie,The Baby Proposal,2019,Romance,5.4,17,0.0
Alpha Males Experiment,US,en,movie,Alpha Males Experiment,2009,"Comedy,Romance",6.4,231,0.0
Mega Man Star Force,US,en,tvSeries,Mega Man Star Force,2006,Animation,7.1,48,0.0
Bad Lieutenant: Port of Call New Orleans,US,en,movie,Bad Lieutenant: Port of Call New Orleans,2009,"Crime,Drama",6.6,72853,0.0
Square One: Michael Jackson,US,en,movie,Square One: Michael Jackson,2019,"Documentary,Drama,Music",9.3,638,0.0
TRON: Legacy,US,en,movie,TRON: Legacy,2010,"Action,Adventure,Sci-Fi",6.8,306539,0.0
TRON: Legacy,GB,en,movie,TRON: Legacy,2010,"Action,Adventure,Sci-Fi",6.8,306539,0.0
ReVisioned: Tomb Raider Animated Series,US,en,tvSeries,ReVisioned: Tomb Raider Animated Series,2007,"Action,Adventure,Animation",6.6,101,0.0
Haunted Traxxs,US,en,movie,Haunted Traxxs,2009,"Drama,Horror,Mystery",3.5,173,0.0
The Athlete,US,en,movie,The Athlete,2009,"Biography,Drama",6.7,222,0.0
The Boat That Rocked,GB,en,movie,Pirate Radio,2009,"Comedy,Drama,Music",7.4,105440,0.0
Nailed,US,en,movie,Accidental Love,2015,"Comedy,Romance",4.1,7469,0.0
Stolen,US,en,movie,Stolen,2009,"Crime,Drama,Mystery",6.1,5264,0.0
Treeless Mountain,US,en,movie,Treeless Mountain,2008,Drama,7.0,1639,0.0
American Bully,US,en,movie,American Bully,2009,"Crime,Drama,Thriller",4.8,310,0.0
Babysitters Beware,US,en,movie,Babysitters Beware,2009,"Comedy,Family",4.4,331,0.0
6 Souls,US,en,movie,6 Souls,2010,"Horror,Mystery,Thriller",6.1,31593,0.0
Shelter,GB,en,movie,6 Souls,2010,"Horror,Mystery,Thriller",6.1,31593,0.0
The Flower of Kim Jong II,US,en,movie,The Flower of Kim Jong II,2009,"Documentary,Drama",6.9,791,0.0
A Hero in Heaven,US,en,movie,A Hero in Heaven,2007,"Biography,Documentary,War",7.3,18,0.0
Harry Potter and the Deathly Hallows: Part 2,GB,en,movie,Harry Potter and the Deathly Hallows: Part 2,2011,"Adventure,Drama,Fantasy",8.1,732532,0.0
And They're Off,US,en,movie,And They're Off,1982,"Drama,Romance",5.0,23,0.0
The Misadventures of the Dunderheads,US,en,movie,The Misadventures of the Dunderheads,2012,"Comedy,Crime",4.6,290,0.0
Disneynature: Wings of Life,US,en,movie,Disneynature: Wings of Life,2011,"Documentary,Family,News",7.4,460,0.0
Betrayed,US,en,tvSeries,Betrayed,2008,Drama,7.4,155,0.0
Sword of War,US,en,movie,Sword of War,2009,"Drama,History,War",4.4,1223,0.0
Zane's Sex Chronicles,US,en,tvSeries,Zane's Sex Chronicles,2008,"Drama,Romance",6.0,392,0.0
RED,GB,en,movie,RED,2010,"Action,Comedy,Crime",7.0,281111,0.0
Interrogation of a Husband,US,en,movie,Interrogation of a Husband,2010,"Drama,Romance,Thriller",6.8,22,0.0
The Cabin in the Woods,US,en,movie,The Cabin in the Woods,2011,Horror,7.0,360762,0.0
One Night in Berlin,GB,en,movie,One Night in Berlin,2011,Drama,7.1,15,0.0
X-Men: First Class,US,en,movie,X-Men: First Class,2011,"Action,Adventure,Sci-Fi",7.7,631848,0.0
X-Men: First Class,GB,en,movie,X-Men: First Class,2011,"Action,Adventure,Sci-Fi",7.7,631848,0.0
Fist of the Warrior,US,en,movie,Fist of the Warrior,2007,"Action,Crime,Drama",3.8,369,0.0
Operation Belvis Bash,US,en,movie,We Will Rock You,2011,"Comedy,Music,Romance",6.4,1012,0.0
We Will Rock You,US,en,movie,We Will Rock You,2011,"Comedy,Music,Romance",6.4,1012,0.0
Ghostbusters,US,en,movie,Ghostbusters,2016,"Action,Comedy,Fantasy",5.2,197500,0.0
A Midsummer Comedy,US,en,movie,A Midsummer Comedy,2009,Comedy,4.2,475,0.0
Iron Man 3,US,en,movie,Iron Man 3,2013,"Action,Adventure,Sci-Fi",7.2,731777,0.0
Iron Man 3,GB,en,movie,Iron Man 3,2013,"Action,Adventure,Sci-Fi",7.2,731777,0.0
Redemption,US,en,movie,Redemption,2009,"Action,Crime,Drama",3.5,511,0.0
Mulan,US,en,movie,Mulan: Rise of a Warrior,2009,"Adventure,Drama,Romance",6.8,5313,0.0
Forbidden Attraction,US,en,movie,Forbidden Attraction,2010,Thriller,4.1,380,0.0
Percy the Park Keeper,GB,en,tvSeries,Percy the Park Keeper,1996,"Animation,Family",7.2,43,0.0
Lee Daniels' The Butler,US,en,movie,Lee Daniels' The Butler,2013,"Biography,Drama",7.2,105782,0.0
All American Orgy,US,en,movie,All American Orgy,2009,Comedy,3.5,928,0.0
Jackers,US,en,movie,Jackers,2010,"Action,Drama",3.5,462,0.0
Children Rise,US,en,movie,Angels in Exile,2016,Documentary,7.2,37,0.0
Welcome to Los Feliz,US,en,movie,Welcome to Los Feliz,2008,Comedy,6.5,20,0.0
Angels in Our Midst,US,en,movie,Angels in Our Midst,2007,"Drama,Family",4.5,40,0.0
The Knife of Don Juan,US,en,movie,The Knife of Don Juan,2013,"Comedy,Drama",7.1,34,0.0
The Unbeatable,US,en,movie,Ayan,2009,Action,7.4,7739,0.0
Knockdown,US,en,movie,Knockdown,2011,"Drama,Mystery,Thriller",4.1,229,0.0
Inception,US,en,movie,Inception,2010,"Action,Adventure,Sci-Fi",8.8,1964862,0.0
Dark House,US,en,movie,Dark House,2014,"Horror,Thriller",4.8,2359,0.0
Suicide Squad,US,en,movie,Suicide Squad,2016,"Action,Adventure,Fantasy",6.0,578167,0.0
An American Hippie in Israel,US,en,movie,An American Hippie in Israel,1972,"Action,Comedy,Sci-Fi",5.0,550,0.0
Perfect Sunday,US,en,movie,Perfect Sunday,2010,Comedy,5.7,45,0.0
American Lowrider,US,en,movie,Perfect Sunday,2010,Comedy,5.7,45,0.0
Transformers: Dark of the Moon,US,en,movie,Transformers: Dark of the Moon,2011,"Action,Adventure,Sci-Fi",6.2,377316,0.0
Happy Feet 2,US,en,movie,Happy Feet Two,2011,"Adventure,Animation,Comedy",5.9,40437,0.0
The Gunslingers,US,en,movie,The Gunslingers,2009,Western,3.8,83,0.0
Tanzania: A Journey Within,US,en,movie,Tanzania: A Journey Within,2011,Documentary,8.8,19,0.0
Someone Like You,US,en,movie,Unnaipol Oruvan,2009,"Crime,Drama,Mystery",8.0,4950,0.0
Beneath the Dark,US,en,movie,Beneath the Dark,2010,"Mystery,Thriller",5.1,1790,0.0
The Pirates! Band of Misfits,GB,en,movie,The Pirates! Band of Misfits,2012,"Adventure,Animation,Comedy",6.7,43616,0.0
Deadpool,US,en,movie,Deadpool,2016,"Action,Adventure,Comedy",8.0,871833,0.0
Mumbai Diaries,US,en,movie,Mumbai Diaries,2010,Drama,7.0,12064,0.0
Rio,US,en,movie,Rio,2011,"Adventure,Animation,Comedy",6.9,200242,0.0
Virginia,US,en,movie,Virginia,2010,Drama,5.4,1914,0.0
Falling Angel,US,en,tvSeries,Falling Angel,2009,Drama,7.9,385,0.0
The Conjuring,US,en,movie,The Conjuring,2013,"Horror,Mystery,Thriller",7.5,424329,0.0
Generation Y,US,en,tvSeries,Generation Y,2009,"Action,Romance",7.9,89,0.0
The Art of Racing in the Rain,US,en,movie,The Art of Racing in the Rain,2019,"Comedy,Drama,Romance",7.5,18577,0.0
Illegal,US,en,movie,Illegal,2010,Drama,7.2,69,0.0
Admissions,US,en,movie,At Middleton,2013,"Comedy,Romance",6.5,7606,0.0
One Piece: Strong World,US,en,movie,One Piece: Strong World,2009,"Action,Adventure,Animation",7.6,4278,0.0
Triple Frontier,US,en,movie,Triple Frontier,2019,"Action,Adventure,Crime",6.4,97358,0.0
Booksmart,US,en,movie,Booksmart,2019,Comedy,7.2,77108,0.0
Bad Boys for Life,US,en,movie,Bad Boys for Life,2020,"Action,Comedy,Crime",6.7,91970,0.0
Thin Ice,US,en,movie,Thin Ice,2011,"Comedy,Crime,Drama",6.2,4558,0.0
Aleta: Vampire Mistress,US,en,movie,Aleta: Vampire Mistress,2012,"Action,Fantasy,Horror",3.1,113,0.0
A Star Is Born,US,en,movie,A Star Is Born,2018,"Drama,Music,Romance",7.7,308515,0.0
Spy Kids 4-D: All the Time in the World,US,en,movie,Spy Kids 4-D: All the Time in the World,2011,"Action,Adventure,Comedy",3.5,21744,0.0
Walking Dead,US,en,tvSeries,The Walking Dead,2010,"Drama,Horror,Thriller",8.2,826132,0.0
Cowboys: Gang Life 4 Ever,US,en,movie,Cowboys: Gang Life 4 Ever,2008,Action,7.3,6,0.0
Mission Park,US,en,movie,Line of Duty,2013,"Action,Crime,Thriller",5.1,767,0.0
1st Night,GB,en,movie,First Night,2010,"Comedy,Musical,Romance",5.2,343,0.0
What Happened to Monday,GB,en,movie,What Happened to Monday,2017,"Action,Adventure,Crime",6.9,96072,0.0
Astronaut: The Last Push,US,en,movie,Astronaut: The Last Push,2012,"Drama,Sci-Fi",5.3,1536,0.0
The Drawn Together Movie!,US,en,movie,The Drawn Together Movie!,2010,"Animation,Comedy,Mystery",6.2,3858,0.0
Prime Kill,US,en,movie,Kill Everyone,2009,"Comedy,Horror,Thriller",4.9,18,0.0
The Girl with the Dragon Tattoo,US,en,movie,The Girl with the Dragon Tattoo,2011,"Crime,Drama,Mystery",7.8,406628,0.0
The Love Guide,US,en,movie,The Love Guide,2011,Comedy,4.1,297,0.0
Decline of an Empire,US,en,movie,Decline of an Empire,2014,"Biography,Drama,History",3.6,361,0.0
Under the Hood of RuPaul's Drag Race,US,en,tvSeries,RuPaul's Drag Race: Untucked!,2010,Reality-TV,7.9,2580,0.0
L.A. Zombie,US,en,movie,L.A. Zombie,2010,"Adult,Horror",3.6,455,1.0
The Clone,US,en,tvSeries,The Clone,2010,Drama,6.8,349,0.0
Band Baaja Baaraat: Bands Horns and Revelry,GB,en,movie,Band Baaja Baaraat,2010,"Comedy,Drama,Romance",7.2,14572,0.0
Chuck,US,en,movie,Chuck,2016,"Biography,Drama,Sport",6.5,5320,0.0
Kingdom of Dust: Beheading of Adam Smith,GB,en,movie,Kingdom of Dust: Beheading of Adam Smith,2011,"Drama,War",4.8,74,0.0
A Wrinkle in Time,US,en,movie,A Wrinkle in Time,2018,"Adventure,Family,Fantasy",4.2,38959,0.0
Bill Cunningham: New York,US,en,movie,Bill Cunningham: New York,2010,"Biography,Documentary,History",7.9,5062,0.0
Our Idiot Brother,US,en,movie,Our Idiot Brother,2011,"Comedy,Drama",6.4,82496,0.0
Mars and April,US,en,movie,Mars et Avril,2012,"Drama,Fantasy,Sci-Fi",6.0,747,0.0
After the Fall,US,en,movie,Louder Than Words,2013,"Drama,Family",6.0,1033,0.0
America: The Story of the US,US,en,tvSeries,America: The Story of the US,2010,"Documentary,History",7.3,1422,0.0
The Goa Run,GB,en,movie,The Goa Run,2014,"Action,Crime,Romance",7.2,56,0.0
Romeo & Juliet,US,en,movie,Romeo & Juliet,2013,"Drama,Romance",5.8,10744,0.0
The Expatriate,GB,en,movie,Erased,2012,"Action,Thriller",6.1,28560,0.0
Cowboys Vs. Vampires,US,en,movie,Cowboys Vs. Vampires,2010,"Action,Comedy,Drama",2.5,327,0.0
Missing,US,en,tvSeries,Missing,2010,"Action,Crime,Drama",7.3,117,0.0
Diary of a Wimpy Kid: Rodrick Rules,US,en,movie,Diary of a Wimpy Kid: Rodrick Rules,2011,"Comedy,Family",6.5,24831,0.0
SGT. Will Gardner,US,en,movie,SGT. Will Gardner,2019,"Action,Adventure,Drama",5.9,887,0.0
Super 8,US,en,movie,Super 8,2011,"Mystery,Sci-Fi,Thriller",7.0,331401,0.0
The Neighbor,US,en,movie,The Neighbor,2010,Drama,6.4,23,0.0
The Box Cutter,US,en,movie,The Box Cutter,2013,"Drama,Mystery",6.1,56,0.0
The Algerian,US,en,movie,The Algerian,2014,"Action,Romance,Thriller",5.5,202,0.0
Vampire Academy: Blood Sisters,US,en,movie,Vampire Academy,2014,"Action,Comedy,Drama",5.5,50716,0.0
A Borrowed Life,US,en,movie,Final Sale,2011,"Crime,Drama,Thriller",5.4,229,0.0
Heretics,US,en,movie,Come Sunday,2018,Drama,5.9,1824,0.0
Cat Planet Cuties,US,en,tvSeries,Cat Planet Cuties,2010,"Animation,Comedy,Romance",6.7,345,0.0
The Legend of Korra,US,en,tvSeries,The Legend of Korra,2012,"Action,Adventure,Animation",8.4,92144,0.0
Deadly Code,US,en,movie,Deadly Code,2013,"Crime,Drama",6.4,7257,0.0
Imogene,US,en,movie,Girl Most Likely,2012,Comedy,5.8,14478,0.0
!Women Art Revolution,US,en,movie,!Women Art Revolution,2010,Documentary,6.8,203,0.0
We the Peeples,US,en,movie,Peeples,2013,"Comedy,Romance",5.3,4583,0.0
Who the (Bleep) Did I Marry,US,en,tvSeries,Who the (Bleep) Did I Marry,2010,"Biography,Crime,Documentary",6.6,443,0.0
Dragon Age: Dawn of the Seeker,US,en,movie,Dragon Age: Dawn of the Seeker,2012,"Action,Adventure,Animation",5.8,2762,0.0
"Few Options, All Bad",US,en,movie,"Few Options, All Bad",2011,"Crime,Drama",5.9,460,0.0
When My Child Is Born,GB,en,movie,When My Child Is Born,2010,Documentary,9.2,9,0.0
Bohemian Rhapsody,GB,en,movie,Bohemian Rhapsody,2018,"Biography,Drama,Music",8.0,423552,0.0
Memories of a Lost Love,US,en,movie,Memories of a Lost Love,2011,"Drama,Romance,Thriller",6.6,64,0.0
Money or Bullets,US,en,movie,Silver or Lead,2010,Drama,6.7,26,0.0
Silver or Lead,US,en,movie,Silver or Lead,2010,Drama,6.7,26,0.0
Karla's Arrival,US,en,movie,Karla's Arrival,2011,"Documentary,Drama",6.3,18,0.0
Holbrook/Twain,US,en,movie,Holbrook/Twain: An American Odyssey,2014,Documentary,8.8,19,0.0
At Your Service,GB,en,movie,Servitude,2011,Comedy,4.8,247,0.0
Extracted,US,en,movie,Extracted,2012,"Drama,Sci-Fi",6.5,11269,0.0
Trouble in the Heights,US,en,movie,Trouble in the Heights,2011,Drama,6.4,88,0.0
"3, 2, 1... Frankie Go Boom",US,en,movie,"3, 2, 1... Frankie Go Boom",2012,Comedy,5.9,4659,0.0
Hostage,US,en,movie,Hostage,2012,Thriller,5.6,468,0.0
The Silent Truth,US,en,movie,The Silent Truth,2010,"Animation,Crime,Documentary",8.2,37,0.0
The Playboy Club,US,en,tvSeries,The Playboy Club,2011,"Crime,Drama",6.5,4787,0.0
Gordon Ramsay's Ultimate Christmas,US,en,tvSeries,Gordon Ramsay's Ultimate Christmas,2010,News,7.2,35,0.0
Pretty Bad Actress,US,en,movie,Pretty Bad Actress,2012,"Comedy,Crime,Drama",7.2,30,0.0
Phobia,US,en,movie,Phobia,2013,"Horror,Mystery,Thriller",3.4,173,0.0
My SO Has Got Depression,US,en,movie,My SO Has Got Depression,2011,Drama,6.8,410,0.0
Artificial Paradises,US,en,movie,Artificial Paradises,2011,Drama,6.6,145,0.0
The White Elephant,GB,en,movie,The White Elephant,2011,"Documentary,News",8.0,6,0.0
Family Weekend,US,en,movie,Family Weekend,2013,"Comedy,Drama",6.3,6538,0.0
The Inflicted,US,en,movie,The Inflicted,2012,"Horror,Thriller",3.6,149,0.0
Black Panther,US,en,movie,Black Panther,2018,"Action,Adventure,Sci-Fi",7.3,581653,0.0
Last Man Standing,US,en,tvSeries,Last Man Standing,2011,Comedy,7.6,27957,0.0
The Informer,GB,en,movie,The Informer,2019,"Crime,Drama,Thriller",6.5,12692,0.0
Scandal,US,en,tvSeries,Scandal,2012,"Drama,Thriller",7.7,65576,0.0
Entity,GB,en,movie,Entity,2012,"Horror,Thriller",4.7,1928,0.0
American Horror Story: Asylum,US,en,tvSeries,American Horror Story,2011,"Drama,Horror,Thriller",8.0,265631,0.0
American Horror Story: Apocalypse,US,en,tvSeries,American Horror Story,2011,"Drama,Horror,Thriller",8.0,265631,0.0
To Write Love on Her Arms,US,en,movie,To Write Love on Her Arms,2012,"Biography,Drama,Fantasy",6.6,2776,0.0
Invisible Empire,US,en,movie,Invisible Empire,2010,"Documentary,History",7.1,284,0.0
Blade Runner 2049,US,en,movie,Blade Runner 2049,2017,"Action,Drama,Mystery",8.0,430077,0.0
We Are Not Animals,US,en,movie,We Are Not Animals,2013,"Comedy,Drama",5.0,527,0.0
The Highwaymen,US,en,movie,The Highwaymen,2019,"Biography,Crime,Drama",6.9,65449,0.0
Fury,GB,en,movie,The Samaritan,2012,"Action,Crime,Drama",5.6,9321,0.0
The Samaritan,US,en,movie,The Samaritan,2012,"Action,Crime,Drama",5.6,9321,0.0
Spiderman,US,en,movie,The Amazing Spider-Man 2,2014,"Action,Adventure,Sci-Fi",6.6,405631,0.0
America Destroyed by Design,US,en,movie,America Destroyed by Design,1998,Documentary,6.3,46,0.0
Aquí y Allá: Here and There,US,en,movie,Aquí y Allá: Here and There,2012,Drama,6.0,209,0.0
Into the White,US,en,movie,Into the White,2012,"Action,Biography,Drama",7.2,19105,0.0
Oblivion,US,en,movie,Oblivion,2011,Thriller,7.2,9,0.0
The Pledge,US,en,movie,The Pledge,2011,"Drama,Family",6.0,166,0.0
Doughboy,US,en,movie,The Pledge,2011,"Drama,Family",6.0,166,0.0
Troubled Child,US,en,movie,Troubled Child,2012,Drama,5.4,205,0.0
Rick Stein's Mediterranean Escapes,GB,en,tvSeries,Rick Stein's Mediterranean Escapes,2007,Reality-TV,8.3,35,0.0
Heartlines,US,en,movie,Heartlines,2012,Drama,6.5,16,0.0
Beyond the Darkness,US,en,movie,Beyond the Darkness,2018,"Fantasy,Thriller",4.2,192,0.0
Redemption,GB,en,movie,Redemption,2013,"Action,Drama",6.2,63971,0.0
Dark Crimes,US,en,movie,Dark Crimes,2016,"Crime,Drama,Thriller",4.9,13704,0.0
Fast & Furious 6,GB,en,movie,Fast & Furious 6,2013,"Action,Adventure,Crime",7.1,359888,0.0
Fast & Furious 6,US,en,movie,Fast & Furious 6,2013,"Action,Adventure,Crime",7.1,359888,0.0
Stanley's Tiffin Box,US,en,movie,Stanley Ka Dabba,2011,"Comedy,Drama,Family",7.8,5759,0.0
Behind Closed Doors,US,en,tvSeries,Behind Closed Doors,2011,"Action,Crime,Drama",7.1,166,0.0
"Y/N: You Lie, You Die",US,en,movie,"Y/N: You Lie, You Die",2012,Thriller,5.0,734,0.0
January,GB,en,movie,January,2015,"Horror,Thriller",5.4,2035,0.0
My Heart Beats for Lola Volcán,US,en,tvSeries,My Heart Beats for Lola Volcán,2011,"Action,Crime,Drama",7.3,163,0.0
Accelerate: The BMX Movie,US,en,movie,Heroes of Dirt,2015,"Action,Drama,Sport",6.7,86,0.0
Birds of Paradise,US,en,movie,Beyond Paradise,2018,"Drama,Romance",5.7,342,0.0
Ford v Ferrari,US,en,movie,Ford v Ferrari,2019,"Action,Biography,Drama",8.1,216061,0.0
The Price to Pay,US,en,movie,The Price to Pay,2008,Drama,5.5,6,0.0
Nightingale,US,en,movie,The Immigrant,2013,"Drama,Romance",6.6,28714,0.0
Carl[a],US,en,movie,Carl[a],2011,Drama,7.1,30,0.0
Random Acts of Violence,US,en,movie,Random Acts of Violence,2012,"Comedy,Crime,Horror",5.7,375,0.0
Reel Black Love,US,en,movie,Reel Black Love,2011,Documentary,6.9,11,0.0
Greencard Warriors,US,en,movie,Greencard Warriors,2013,"Action,Drama,Romance",5.3,152,0.0
The Evil Inside,US,en,movie,The Evil Inside,2011,Horror,3.6,376,0.0
Unconditional Love,US,en,movie,Unconditional Love,2012,"Drama,Thriller",6.4,691,0.0
The Neon Demon,US,en,movie,The Neon Demon,2016,"Horror,Thriller",6.2,79498,0.0
Six Bullets,US,en,movie,6 Bullets,2012,"Action,Crime,Drama",6.1,13652,0.0
The Angry Birds Movie,US,en,movie,The Angry Birds Movie,2016,"Action,Adventure,Animation",6.3,76872,0.0
The Angry Birds Movie,GB,en,movie,The Angry Birds Movie,2016,"Action,Adventure,Animation",6.3,76872,0.0
Deceptz,US,en,movie,Deceptz,2011,Drama,5.6,12,0.0
7 Below,US,en,movie,7 Below,2012,Horror,3.1,3838,0.0
Southbound Heist,US,en,movie,Southbound Heist,2011,Comedy,3.0,116,0.0
400 Miles to Freedom,US,en,movie,400 Miles to Freedom,2012,"Biography,Documentary,Drama",7.2,5,0.0
15: An Exploration of Human Violence,US,en,movie,15: Inside the Mind of a Serial Killer,2011,"Horror,Thriller",4.1,47,0.0
The Devil's Mile,US,en,movie,Devil's Mile,2014,"Action,Crime,Horror",3.8,355,0.0
Alien Uprising,GB,en,movie,Alien Uprising,2012,"Comedy,Horror,Sci-Fi",3.1,3254,0.0
Border Run,US,en,movie,Border Run,2012,"Crime,Drama,Mystery",4.2,1665,0.0
Dawn Patrol,US,en,movie,Dawn Patrol,2014,"Drama,Thriller",4.6,645,0.0
Hansel and Gretel & the 420 Witch,US,en,movie,Hansel & Gretel Get Baked,2013,"Comedy,Horror",4.3,3350,0.0
The Show,US,en,movie,The Show,2017,"Drama,Thriller",5.6,3815,0.0
Black Web,US,en,movie,Black Web,2012,"Drama,Sci-Fi,Thriller",4.4,163,0.0
Dark Medicine,US,en,movie,Dark Medicine,2013,"Horror,Sci-Fi",2.8,136,0.0
Cabin Fever 3: Patient Zero,GB,en,movie,Cabin Fever 3: Patient Zero,2014,"Horror,Sci-Fi",4.4,6812,0.0
Cabin Fever 3: Patient Zero,US,en,movie,Cabin Fever 3: Patient Zero,2014,"Horror,Sci-Fi",4.4,6812,0.0
Chrysalis,US,en,movie,The Fix,2017,"Drama,Family",5.9,49,0.0
Adore,US,en,movie,Adore,2013,"Drama,Romance",6.2,31221,0.0
The Delhi Show,US,en,tvSeries,The Delhi Show,2011,Comedy,7.6,7,0.0
The Hunt,GB,en,movie,The Hunt,2012,Drama,8.3,263695,0.0
The Hunt,US,en,movie,The Hunt,2012,Drama,8.3,263695,0.0
ThanksKilling Sequel,US,en,movie,ThanksKilling 3,2012,"Comedy,Horror,Sci-Fi",3.0,809,0.0
Passions of the Heart,US,en,tvSeries,Passions of the Heart,2011,"Drama,Romance",7.0,43,0.0
The Alex Jones Show,US,en,tvSeries,The Alex Jones Show,2011,Talk-Show,4.4,322,0.0
Absolutely Fabulous: The Movie,US,en,movie,Absolutely Fabulous: The Movie,2016,"Comedy,Crime",5.4,11549,0.0
The Annoying Orange,US,en,tvSeries,The High Fructose Adventures of Annoying Orange,2012,"Action,Adventure,Animation",2.0,2814,0.0
The Talisman,US,en,tvSeries,The Talisman,2012,Drama,8.0,35,0.0
Almost There,US,en,movie,Pretty Perfect,2014,"Drama,Romance,Thriller",6.7,15,0.0
Mystery Manhunt,GB,en,tvSeries,Mystery Manhunt,2012,Documentary,6.3,11,0.0
Dancing in Jaffa,US,en,movie,Dancing in Jaffa,2013,"Documentary,Drama,Family",6.7,262,0.0
The Next Deathwish: A Daughter's Revenge,US,en,movie,The Next Deathwish: A Daughter's Revenge,2013,Thriller,4.4,17,0.0
Long Shot,US,en,movie,Long Shot,2019,"Comedy,Romance",6.8,82254,0.0
A Letter to Dad,GB,en,movie,A Letter to Dad,2011,"Biography,Documentary,Family",8.8,17,0.0
The Current War: Director's Cut,US,en,movie,The Current War: Director's Cut,2017,"Biography,Drama,History",6.5,13858,0.0
Hollywood Nightmare,US,en,movie,Hollywood Nightmare,2012,Horror,5.0,46,0.0
Dudes & Dragons,US,en,movie,Dudes & Dragons,2015,"Action,Adventure,Comedy",4.6,900,0.0
Tomorrow Comes Today,US,en,movie,Tomorrow Comes Today,2013,"Comedy,Drama",5.6,24,0.0
Untitled Wolf Adventure,US,en,movie,Earth to Echo,2014,"Adventure,Family,Sci-Fi",5.8,18034,0.0
The Adventures of Beatle Boyin,US,en,movie,Guns for Hire,2015,"Comedy,Drama,Thriller",5.6,2531,0.0
Not Human,US,en,movie,Ombis: Alien Invasion,2013,"Action,Horror,Sci-Fi",4.7,223,0.0
Fearless Heart,US,en,tvSeries,Fearless Heart,2012,"Action,Crime,Drama",7.4,243,0.0
7 Sea Pirates,US,en,movie,7 Sea Pirates,2012,"Adventure,Animation,Family",6.1,138,0.0
A World Not Ours,GB,en,movie,A World Not Ours,2012,"Biography,Documentary,History",8.0,280,0.0
Habana Libre,US,en,movie,Habana Libre,2012,Documentary,6.7,9,0.0
The Redemption of the Fish,US,en,movie,The Redemption of the Fish,2013,Drama,6.6,9,0.0
Benny & Jolene,GB,en,movie,Jolene: The Indie Folk Star Movie,2014,Comedy,5.0,136,0.0
Aravt - Ten Soldiers of Chinggis Khaan,US,en,movie,Genghis: The Legend of the Ten,2012,"Action,History",5.7,344,0.0
Aravt,US,en,movie,Genghis: The Legend of the Ten,2012,"Action,History",5.7,344,0.0
Genghis: The Legend of the Ten,GB,en,movie,Genghis: The Legend of the Ten,2012,"Action,History",5.7,344,0.0
Born to Fly: Elizabeth Streb vs. Gravity,US,en,movie,Born to Fly: Elizabeth Streb vs. Gravity,2014,"Action,Biography,Documentary",6.7,50,0.0
Top Ten,US,en,tvSeries,Top Ten,2005,Documentary,7.4,24,0.0
The Winter,GB,en,movie,The Winter,2013,"Drama,Fantasy,Mystery",7.1,77,0.0
Dragon Lore: Curse of the Shadow,US,en,movie,SAGA: Curse of the Shadow,2013,"Action,Adventure,Fantasy",4.9,3222,0.0
Rise of the Shadow Warrior,GB,en,movie,SAGA: Curse of the Shadow,2013,"Action,Adventure,Fantasy",4.9,3222,0.0
SAGA: Curse of the Shadow,US,en,movie,SAGA: Curse of the Shadow,2013,"Action,Adventure,Fantasy",4.9,3222,0.0
Curse of the Dragon Slayer,US,en,movie,SAGA: Curse of the Shadow,2013,"Action,Adventure,Fantasy",4.9,3222,0.0
Midnight Rider,US,en,movie,Midnight Stallion,2013,"Action,Drama,Family",5.0,304,0.0
Enemy Way,US,en,movie,Two Men in Town,2014,Drama,5.7,1924,0.0
Return to the USS Atlanta,US,en,movie,Return to the USS Atlanta,2012,"Adventure,Documentary,History",6.6,39,0.0
The Mighty King of Love,US,en,movie,The One Who Loves You,2013,"Comedy,Drama,Music",7.8,56,0.0
Lightning Strike,US,en,movie,Lightning Strike,2012,Comedy,5.3,565,0.0
Adrenochrome,US,en,movie,Adrenochrome,2017,"Action,Fantasy,Horror",4.6,380,0.0
Cliffs of Freedom,US,en,movie,Cliffs of Freedom,2019,Drama,6.1,307,0.0
Full Metal Racket,US,en,tvSeries,Guntucky,2013,Reality-TV,5.7,15,0.0
Beyond the Edge,US,en,movie,Beyond the Edge,2016,"Adventure,Mystery,Sci-Fi",3.8,882,0.0
Guys with Kids,US,en,tvSeries,Guys with Kids,2012,Comedy,6.3,4257,0.0
Massacre County,US,en,movie,Massacre County,2015,"Crime,Horror,Mystery",5.3,230,0.0
Refuge,GB,en,movie,Refuge,2013,Thriller,5.0,471,0.0
Refuge,US,en,movie,Refuge,2013,Thriller,5.0,471,0.0
New World OrdeRx,US,en,movie,New World OrdeRx,2013,"Drama,Sci-Fi",2.3,240,0.0
In the Shadows,GB,en,movie,In the Shadows,2017,"Drama,Thriller",7.0,394,0.0
Cry Wolf 3D,GB,en,movie,Crying Wolf 3D,2015,"Action,Comedy,Horror",2.5,210,0.0
The Convent,GB,en,movie,The Crypt,2014,Horror,3.1,100,0.0
It Is Not Evening Yet,GB,en,movie,Eshchyo ne vecher,1975,Drama,6.4,8,0.0
Dirty Weekend,US,en,movie,Dirty Weekend,2013,Comedy,5.8,109,0.0
Epic Fail,US,en,tvSeries,Failosophy,2013,"Comedy,Reality-TV",4.9,15,0.0
The Heights,US,en,tvSeries,Washington Heights,2013,Reality-TV,6.4,74,0.0
The History of Hacking,US,en,movie,Secret History of Hacking,2001,Documentary,7.7,71,0.0
Fast N' Loud,US,en,tvSeries,Fast N' Loud,2012,Reality-TV,7.5,2388,0.0
Reality,US,en,movie,Reality,2014,Comedy,6.9,4975,0.0
Dead End,GB,en,movie,Hard Shoulder,2012,"Horror,Thriller",3.6,320,0.0
20 Feet from Stardom,US,en,movie,20 Feet from Stardom,2013,"Biography,Documentary,Music",7.4,11925,0.0
Jimi: All Is by My Side,US,en,movie,Jimi: All Is by My Side,2013,"Biography,Drama,Music",5.7,6097,0.0
Troop Zero,US,en,movie,Troop Zero,2019,"Comedy,Drama,Family",6.9,6058,0.0
The Beginning of the End,US,en,movie,Revelation Road: The Beginning of the End,2013,Action,4.9,1722,0.0
The Buddhas of Aynak,US,en,movie,Saving Mes Aynak,2014,Documentary,9.2,1001,0.0
Griffith Park 8,US,en,movie,Abducted,2013,"Horror,Sci-Fi,Thriller",4.5,476,0.0
Wendy,US,en,movie,Wendy,2020,"Drama,Fantasy",5.6,1092,0.0
Child,US,en,movie,The Boy,2015,"Drama,Horror,Thriller",5.5,4485,0.0
Isn't It Romantic,US,en,movie,Isn't It Romantic,2019,"Comedy,Fantasy,Romance",5.9,58118,0.0
The Fundamentals of Caring,US,en,movie,The Fundamentals of Caring,2016,"Comedy,Drama",7.3,53900,0.0
c2c,US,en,movie,Cam2Cam,2014,"Horror,Thriller",3.7,769,0.0
On the Art of War,US,en,movie,On the Art of War,2012,"Documentary,Drama,Thriller",8.8,8,0.0
Raiders of the Lost Past,GB,en,tvSeries,Myth Hunters,2012,"Biography,Documentary,History",7.2,193,0.0
The Frames Dancing with Strangers,GB,en,movie,The Frames in the Deep Shade,2013,"Documentary,Music",8.1,31,0.0
Pussy Riot: A Punk Prayer,GB,en,movie,Pussy Riot: A Punk Prayer,2013,"Biography,Crime,Documentary",7.0,1833,0.0
"Extremely Wicked, Shockingly Evil and Vile",US,en,movie,"Extremely Wicked, Shockingly Evil and Vile",2019,"Biography,Crime,Drama",6.6,69230,0.0
Common People,GB,en,tvSeries,Common Ground,2013,"Comedy,Short",7.4,45,0.0
The Square,GB,en,movie,The Square,2013,"Documentary,News",8.1,8360,0.0
Undiscovered Gyrl,US,en,movie,Ask Me Anything,2014,Drama,6.0,11196,0.0
Love Letter,US,en,movie,Suicide for Beginners,2018,"Comedy,Horror",5.1,9,0.0
An Evergreen Christmas,US,en,movie,An Evergreen Christmas,2014,"Family,Music,Romance",5.7,350,0.0
Brave Miss World,US,en,movie,Brave Miss World,2013,"Biography,Documentary,Drama",7.1,485,0.0
One Direction 3D Movie,US,en,movie,One Direction: This Is Us,2013,"Documentary,Music",4.2,23206,0.0
Transylvanian Curse,US,en,movie,Transylvanian Curse,2015,"Horror,Thriller",3.4,411,0.0
Star Wars: Episode VIII - The Last Jedi,US,en,movie,Star Wars: Episode VIII - The Last Jedi,2017,"Action,Adventure,Fantasy",7.0,538915,0.0
Gadget Man,GB,en,tvSeries,Gadget Man,2012,Talk-Show,7.6,630,0.0
Haunting of Cellblock 11,US,en,movie,Haunting of Cellblock 11,2014,"Horror,Thriller",4.4,711,0.0
God Particle,US,en,movie,The Cloverfield Paradox,2018,"Adventure,Drama,Horror",5.5,90780,0.0
Untitled Bernie Madoff Project,US,en,movie,In God We Trust,2013,Documentary,7.6,23,0.0
Tyler Perry's A Madea Christmas,US,en,movie,A Madea Christmas,2013,"Comedy,Drama,Romance",4.8,5707,0.0
Alligator Alley,US,en,movie,Alligator Alley,2013,"Action,Adventure,Comedy",3.5,698,0.0
A Life in Dirty Movies,US,en,movie,A Life in Dirty Movies,2013,"Biography,Documentary",6.6,465,0.0
"Crouching Tiger, Hidden Dragon: The Green Legend",US,en,movie,"Crouching Tiger, Hidden Dragon: Sword of Destiny",2016,"Action,Adventure,Drama",6.1,16967,0.0
Infestation: Day One,US,en,movie,Infestation: Day One,2013,"Horror,Sci-Fi,Thriller",5.5,118,0.0
The Chaperone,US,en,movie,The Chaperone,2018,Drama,6.5,980,0.0
The Debt,US,en,movie,The Debt,2015,"Drama,Mystery,Thriller",6.0,647,0.0
Cathedrals of Culture: Centre Georges Pompidou,US,en,movie,Cathedrals of Culture,2014,Documentary,7.0,206,0.0
Hide & Seek,GB,en,movie,Amorous,2014,"Drama,Romance",4.5,886,0.0
Tyler Perry's The Haves and the Have Nots,US,en,tvSeries,The Haves and the Have Nots,2013,"Crime,Drama,Mystery",6.0,2739,0.0
Fifi Howls from Happiness,US,en,movie,Fifi Howls from Happiness,2013,Documentary,7.8,373,0.0
Available: A Modern Day Fairy Tale,US,en,movie,Available: A Modern Day Fairy Tale,2013,"Comedy,Drama,Romance",5.6,53,0.0
Gay Acres: The Home Movie,US,en,movie,Two: The Story of Roman & Nyro,2013,"Biography,Documentary,Drama",7.1,37,0.0
Ploey,US,en,movie,Ploey,2018,"Adventure,Animation,Family",5.4,828,0.0
Finally Famous,US,en,movie,Top Five,2014,"Comedy,Romance",6.4,25338,0.0
Untitled Once Upon a Time Spin-off Project,US,en,tvSeries,Once Upon a Time in Wonderland,2013,"Adventure,Drama,Fantasy",7.0,11127,0.0
Blue Boy,US,en,movie,Blue Boy,2011,"Family,Romance",8.4,22,0.0
False Colors,US,en,movie,False Colors,2020,Thriller,4.8,117,0.0
Tibetan Rock Dog,US,en,movie,Rock Dog,2016,"Adventure,Animation,Comedy",5.9,4347,0.0
3 Hearts,US,en,movie,3 Hearts,2014,"Drama,Romance",5.9,2179,0.0
The Girl,US,en,movie,The Girl,2016,"Sci-Fi,Thriller",3.2,196,0.0
The Old Man & the Gun,US,en,movie,The Old Man & the Gun,2018,"Biography,Comedy,Crime",6.7,37146,0.0
64 Day Hero: A Boxer's Tale,GB,en,movie,64 Day Hero,1986,Documentary,7.2,22,0.0
Sailor Victory,US,en,tvSeries,Sailor Victory,1995,"Animation,Comedy,Sci-Fi",5.2,13,0.0
ZK: Elephant's Graveyard,US,en,movie,ZK: Elephant's Graveyard,2015,Horror,2.8,407,0.0
ABCs of Death 2,US,en,movie,ABCs of Death 2,2014,"Comedy,Fantasy,Horror",5.4,7737,0.0
5 Flights Up,US,en,movie,5 Flights Up,2014,"Comedy,Drama",6.2,8829,0.0
Money Is Money,US,en,movie,Money,2017,Thriller,6.6,263,0.0
Money's Money,US,en,movie,Money,2017,Thriller,6.6,263,0.0
I Lived,US,en,movie,I Lived,2015,"Horror,Mystery,Thriller",4.5,761,0.0
Exile,US,en,movie,Exile,2014,"Drama,Horror,Sci-Fi",4.2,223,0.0
Stroke City,GB,en,movie,A City Dreaming,2014,Documentary,8.8,9,0.0
The Divine Matrix with Gregg Braden,US,en,movie,The Divine Matrix,2008,Documentary,8.0,5,0.0
2101,US,en,movie,2101,2014,"Action,Adventure,Sci-Fi",2.1,251,0.0
Lego Star Wars: The Yoda Chronicles,US,en,tvSeries,Lego Star Wars: The Yoda Chronicles,2013,"Animation,Family,Fantasy",7.4,402,0.0
Panic 5 Bravo,US,en,movie,Panic 5 Bravo,2013,Thriller,4.5,229,0.0
Of Mind and Music,US,en,movie,Of Mind and Music,2014,"Drama,Music",6.8,355,0.0
Grace: The Possession,US,en,movie,Grace: The Possession,2014,"Horror,Thriller",4.7,2257,0.0
Hollywood Help,US,en,tvSeries,Hollywood Help,2013,Comedy,5.8,26,0.0
Gennadiy,US,en,movie,Almost Holy,2015,"Biography,Documentary,Drama",7.5,442,0.0
My Sister,GB,en,movie,Sister,2014,"Drama,Family",6.7,273,0.0
"You Belong to Me: Sex, Race and Murder in the South",US,en,movie,"You Belong to Me: Sex, Race and Murder in the South",2014,"Crime,Documentary,Drama",6.7,110,0.0
In Real Life,GB,en,movie,InRealLife,2013,"Documentary,News",5.8,241,0.0
Girl Lost,US,en,movie,Girl Lost,2016,Drama,7.0,3797,0.0
Sierra Burgess Is a Loser,US,en,movie,Sierra Burgess Is a Loser,2018,"Comedy,Drama,Romance",5.8,32340,0.0
Donna Leon's Comissarrio Guido Brunetti Mysteries: Vendetta,US,en,movie,Comissarrio Guido Brunetti Mysteries: Vendetta,2007,Crime,7.8,19,0.0
Sex School,US,en,movie,Sex School,2015,Comedy,3.2,524,0.0
The Spectacle,US,en,movie,Spectacle,2015,"Comedy,Drama,Romance",7.3,21932,0.0
Bunker: Project 12,US,en,movie,Bunker: Project 12,2016,"Action,Adventure,Sci-Fi",3.4,325,0.0
Fantastic Beasts and Where to Find Them,GB,en,movie,Fantastic Beasts and Where to Find Them,2016,"Adventure,Family,Fantasy",7.3,392274,0.0
The Stone Boy,US,en,movie,The Stone Boy,2015,"Adventure,Animation,Comedy",4.7,65,0.0
Guy Bodart's All Hallows Eve,US,en,movie,The Curse of All Hallows' Eve,2017,Horror,5.1,8,0.0
All Hallows Eve,US,en,movie,The Curse of All Hallows' Eve,2017,Horror,5.1,8,0.0
Samad Goes to War,US,en,movie,Samad Goes to War,1986,Drama,5.1,27,0.0
IO,US,en,movie,IO,2019,"Adventure,Drama,Romance",4.7,28939,0.0
Radioactive Wolves,US,en,movie,Radioactive Wolves,2011,Documentary,7.1,55,0.0
Across the Sea,US,en,movie,Across the Sea,2014,"Comedy,Drama,Romance",6.3,629,0.0
Friend 2,US,en,movie,Friend 2,2013,"Action,Drama",6.2,490,0.0
The Man with the Iron Heart,US,en,movie,The Man with the Iron Heart,2017,"Action,Biography,Thriller",6.4,12880,0.0
The Devotion of Suspect X,US,en,movie,The Devotion of Suspect X,2017,"Crime,Thriller",6.2,678,0.0
Wealthy,GB,en,movie,Raees,2017,"Action,Crime,Drama",6.8,38678,0.0
Wealthy,US,en,movie,Raees,2017,"Action,Crime,Drama",6.8,38678,0.0
Searching for Saris,GB,en,movie,Bahthan an Saris,2013,Documentary,8.0,10,0.0
A Monster Calls,GB,en,movie,A Monster Calls,2016,"Adventure,Drama,Family",7.5,77274,0.0
The First Line,US,en,movie,The First Line,2014,Drama,5.1,224,0.0
UEFA Champions League Magazine,GB,en,tvSeries,UEFA Champions League Magazine,2006,Sport,8.2,73,0.0
Manhunt,US,en,tvSeries,Manhunt,2014,Reality-TV,7.9,278,0.0
SK1,US,en,movie,SK1,2014,"Crime,Drama",6.6,1935,0.0
Dollface,US,en,movie,Dollface,2014,Horror,3.2,345,0.0
Farewell,US,en,movie,Farewell,2014,Drama,7.5,92,0.0
Axel: The Biggest Little Hero,US,en,movie,Axel: The Biggest Little Hero,2013,"Adventure,Animation,Comedy",4.7,127,0.0
Meateaters,US,en,movie,Jurassic Prey,2015,"Action,Adventure,Comedy",1.7,634,0.0
The Gift,GB,en,movie,The Gift,2014,"Action,Drama,Thriller",7.2,452,0.0
Boundaries,US,en,movie,Boundaries,2016,Drama,6.5,197,0.0
Street Genius,GB,en,tvSeries,Street Genius,2013,Game-Show,7.4,284,0.0
Thor: Ragnarok,US,en,movie,Thor: Ragnarok,2017,"Action,Adventure,Comedy",7.9,551474,0.0
Celebrity Page,US,en,tvSeries,Celebrity Page,2013,"News,Talk-Show",3.3,101,0.0
The Last Shaman,GB,en,movie,The Last Shaman,2016,"Adventure,Documentary,Drama",6.8,978,0.0
Best of Enemies: Buckley vs. Vidal,US,en,movie,Best of Enemies: Buckley vs. Vidal,2015,"Biography,Documentary,History",7.6,5741,0.0
#Horror,US,en,movie,#Horror,2015,"Crime,Drama,Horror",3.0,3325,0.0
The Operative,US,en,movie,The Operative,2015,"Crime,Drama,Thriller",5.5,433,0.0
Correspondence,US,en,movie,Correspondence,2016,"Drama,Romance",6.1,3748,0.0
Correspondence,GB,en,movie,Correspondence,2016,"Drama,Romance",6.1,3748,0.0
American Poltergeist 3,US,en,movie,American Poltergeist 3,2015,Horror,3.1,245,0.0
Odyssey,GB,en,tvSeries,American Odyssey,2015,"Action,Drama,Thriller",7.3,5856,0.0
Untitled Shane Dawson Movie,US,en,movie,Not Cool,2014,"Comedy,Drama,Romance",4.2,5242,0.0
A.K.A Nadia,GB,en,movie,A.K.A Nadia,2015,Drama,6.4,58,0.0
Bella and the Bullfrogs,US,en,tvSeries,Bella and the Bulldogs,2015,"Comedy,Family,Sport",5.2,1332,0.0
Whispers of the Cities,GB,en,movie,Whispers of the Cities,2013,Documentary,6.5,6,0.0
The Evermoor Chronicles,GB,en,tvSeries,The Evermoor Chronicles,2014,"Adventure,Family,Fantasy",6.0,475,0.0
Pull,US,en,movie,Pull,2019,"Horror,Mystery,Thriller",2.3,103,0.0
Spanish Chainsaw Massacre,US,en,movie,Spanish Chainsaw Massacre,2017,"Comedy,Horror",4.6,48,0.0
Wicked Flying Monkeys,GB,en,movie,Guardians of Oz,2015,"Adventure,Animation,Fantasy",4.5,210,0.0
Guardians of Oz,US,en,movie,Guardians of Oz,2015,"Adventure,Animation,Fantasy",4.5,210,0.0
Your Inner Fish,US,en,tvSeries,Your Inner Fish,2014,Documentary,8.7,331,0.0
Lauda: The Untold Story,GB,en,movie,33 Days,2014,"Biography,Documentary",6.3,179,0.0
St. James Place,US,en,movie,Bridge of Spies,2015,"Drama,History,Thriller",7.6,277024,0.0
Blood in the Water,US,en,movie,Blood in the Water,2016,"Crime,Mystery,Thriller",4.3,661,0.0
Little Horror Movie,US,en,movie,Little Horror Movie,2018,Horror,5.8,3024,0.0
Love Me,GB,en,tvSeries,Love Me,2014,"Comedy,Drama,Romance",8.0,24,0.0
The Divorce Party,US,en,movie,The Divorce Party,2019,"Comedy,Romance",5.0,475,0.0
Unfriended,US,en,movie,Unfriended,2014,"Horror,Mystery,Thriller",5.5,65700,0.0
Underworld: Blood Wars,US,en,movie,Underworld: Blood Wars,2016,"Action,Adventure,Fantasy",5.8,67022,0.0
Rogue One: A Star Wars Story,US,en,movie,Rogue One: A Star Wars Story,2016,"Action,Adventure,Sci-Fi",7.8,530496,0.0
Chasing the Muse,US,en,movie,Chasing the Muse,2014,Documentary,4.6,76,0.0
Big Time Adolescence,US,en,movie,Big Time Adolescence,2019,Comedy,7.0,3271,0.0
No Exit,US,en,movie,Only the Brave,2017,"Action,Biography,Drama",7.6,53202,0.0
Do You Mind?,US,en,tvSeries,Do You Mind?,2014,Comedy,7.7,9,0.0
Dumbo,US,en,movie,Dumbo,2019,"Adventure,Family,Fantasy",6.3,60068,0.0
The Seven Deadly Sins,US,en,tvSeries,The Seven Deadly Sins,2014,"Action,Adventure,Animation",8.1,18208,0.0
4th Man Out,US,en,movie,4th Man Out,2015,"Comedy,Drama",6.7,9163,0.0
Man are the Bait,GB,en,tvSeries,Chelovek-primanka,2014,Action,4.0,6,0.0
Friday Download: The Movie,GB,en,movie,Friday Download: The Movie,2015,Family,5.4,116,0.0
Daughter of God,US,en,movie,Exposed,2016,"Crime,Drama,Mystery",4.3,13150,0.0
Lake Fear,US,en,movie,Lake Fear,2014,"Comedy,Horror",4.4,1807,0.0
Mysterious Joker,US,en,tvSeries,Mysterious Joker,2014,"Adventure,Animation,Comedy",7.2,34,0.0
The Wristwatch,US,en,movie,In God's Time,2017,Drama,4.2,78,0.0
Disorder,US,en,movie,Disorder,2015,"Drama,Thriller",6.2,5418,0.0
Hollywood Adventures,US,en,movie,Hollywood Adventures,2015,"Action,Adventure,Comedy",5.0,534,0.0
The Lego Batman Movie,US,en,movie,The Lego Batman Movie,2017,"Action,Animation,Comedy",7.3,126168,0.0
Paradise In Heart,US,en,movie,Paradise in Heart,2014,"Action,Drama,Romance",6.9,54,0.0
At the Frontera,US,en,movie,At the Frontera,2018,"Action,Drama,Thriller",6.6,8,0.0
Captain Marvel,US,en,movie,Captain Marvel,2019,"Action,Adventure,Sci-Fi",6.9,412003,0.0
Avengers: Infinity War,US,en,movie,Avengers: Infinity War,2018,"Action,Adventure,Sci-Fi",8.5,775034,0.0
Avengers: Endgame,US,en,movie,Avengers: Endgame,2019,"Action,Adventure,Drama",8.4,718954,0.0
All Downhill from Here,US,en,tvSeries,All Downhill from Here,2015,Comedy,7.8,23,0.0
Give Me Liberty,US,en,movie,Give Me Liberty,2019,"Comedy,Drama",6.7,1234,0.0
The Passing,GB,en,movie,The Passing,2015,Drama,5.9,293,0.0
Chainsaw Maidens from Hell,US,en,movie,Chainsaw Maidens from Hell,2016,"Comedy,Horror",6.0,30,0.0
Chimera,US,en,movie,Chimera Strain,2018,"Drama,Sci-Fi,Thriller",5.4,1954,0.0
Cobain: Montage of Heck,US,en,movie,Cobain: Montage of Heck,2015,"Animation,Biography,Documentary",7.5,27234,0.0
If You Knew Me,US,en,movie,Yennai Arindhaal,2015,"Action,Thriller",7.3,7696,0.0
The Witch,US,en,movie,The Witch,2015,"Drama,Horror,Mystery",6.9,182977,0.0
Strike,GB,en,tvSeries,C.B. Strike,2017,"Crime,Drama,Mystery",7.9,7686,0.0
The Price,US,en,movie,The Price,2015,Thriller,5.2,60,0.0
Shade: The series,GB,en,tvSeries,Shade,2014,Thriller,8.2,11,0.0
QT8: The First Eight,US,en,movie,QT8: The First Eight,2019,Documentary,7.3,1541,0.0
Eddie - Strongman,GB,en,movie,Eddie - Strongman,2015,Documentary,7.5,946,0.0
The Phoenix Incident,US,en,movie,The Phoenix Incident,2015,"Mystery,Sci-Fi,Thriller",5.0,1404,0.0
The Last Black Man in San Francisco,US,en,movie,The Last Black Man in San Francisco,2019,Drama,7.3,10869,0.0
The Shadow Man,US,en,movie,The Shadow Man,2017,"Drama,Horror,Thriller",3.3,317,0.0
Animals,GB,en,movie,Animals,2019,"Comedy,Drama",6.1,1271,0.0
Street Food Around the World,US,en,tvSeries,Street Food Around the World,2012,"Documentary,Reality-TV",7.2,98,0.0
Tank 432,GB,en,movie,Tank 432,2015,"Action,Horror,Mystery",3.2,1760,0.0
Maze Runner: The Death Cure,US,en,movie,Maze Runner: The Death Cure,2018,"Action,Adventure,Sci-Fi",6.2,104101,0.0
The Prodigy,US,en,movie,The Prodigy,2019,"Horror,Thriller",5.8,20889,0.0
Slay Bells,US,en,movie,Mother Krampus 2: Slay Ride,2018,Horror,3.4,155,0.0
Naughty List,US,en,movie,Mother Krampus 2: Slay Ride,2018,Horror,3.4,155,0.0
Christopher Robin,US,en,movie,Christopher Robin,2018,"Comedy,Drama,Family",7.3,64022,0.0
Winnie the Pooh,US,en,movie,Christopher Robin,2018,"Comedy,Drama,Family",7.3,64022,0.0
Someone I Used to Know,US,en,movie,Someone I Used to Know,2016,"Comedy,Drama,Romance",8.2,19,0.0
The Lamb,US,en,movie,The Star,2017,"Adventure,Animation,Comedy",6.2,6068,0.0
Spider-Man: Into the Spider-Verse,US,en,movie,Spider-Man: Into the Spider-Verse,2018,"Action,Adventure,Animation",8.4,317942,0.0
The OA: Part II,US,en,tvSeries,The OA,2016,"Drama,Fantasy,Mystery",7.9,84520,0.0
Fly Away Solo,US,en,movie,Masaan,2015,Drama,8.1,21493,0.0
The Keeper,US,en,movie,The Keeper,2018,"Biography,Drama,Romance",7.2,2623,0.0
Untitled Yuppie Fear Thriller,US,en,movie,Fatal Pulse,2018,Thriller,5.0,132,0.0
The Gandhi Murder,GB,en,movie,The Gandhi Murder,2019,"Drama,History",6.6,90,0.0
Red Dog,US,en,movie,Red Dog,2017,"Action,Drama,History",6.3,39,0.0
MFKZ,GB,en,movie,MFKZ,2017,"Action,Animation,Comedy",6.7,2903,0.0
MFKZ,US,en,movie,MFKZ,2017,"Action,Animation,Comedy",6.7,2903,0.0
Air Strike,US,en,movie,Air Strike,2018,"Action,Adventure,Drama",3.2,3285,0.0
Pitch Perfect 3,US,en,movie,Pitch Perfect 3,2017,"Comedy,Music",5.8,52211,0.0
Maleficent: Mistress of Evil,US,en,movie,Maleficent: Mistress of Evil,2019,"Adventure,Family,Fantasy",6.6,66602,0.0
The Best of Enemies,US,en,movie,The Best of Enemies,2019,"Biography,Drama,History",7.1,7343,0.0
Blackbear,US,en,movie,Blackbear,2019,"Drama,Sport",5.1,605,0.0
Scarecrowd,US,en,movie,Scarecrowd,2015,Horror,6.6,38,0.0
Play with Me,US,en,movie,Play with Me,2016,Horror,2.3,9,0.0
Mission: Impossible VI,US,en,movie,Mission: Impossible - Fallout,2018,"Action,Adventure,Thriller",7.7,272339,0.0
The Children,US,en,movie,The Curse of la Llorona,2019,"Horror,Mystery,Thriller",5.3,32832,0.0
The Curse of la Llorona,US,en,movie,The Curse of la Llorona,2019,"Horror,Mystery,Thriller",5.3,32832,0.0
Friends with Melissa,US,en,tvSeries,Nobodies,2017,Comedy,5.5,795,0.0
Amazing Grace,US,en,movie,Amazing Grace,2018,"Documentary,Music",7.5,3066,0.0
Iron Protector,US,en,movie,Iron Protector,2016,Action,5.6,587,0.0
Split,US,en,movie,Split,2016,"Horror,Thriller",7.3,401171,0.0
The Kid,US,en,movie,The Kid,2019,"Biography,Drama,Western",5.9,5848,0.0
Compulsion,GB,en,movie,Compulsion,2016,"Drama,Fantasy,Horror",3.7,1159,0.0
The Red Sea Diving Resort,US,en,movie,The Red Sea Diving Resort,2019,"Drama,History,Thriller",6.5,19895,0.0
Dunkirk,US,en,movie,Dunkirk,2017,"Action,Drama,History",7.9,517039,0.0
Dunkirk,GB,en,movie,Dunkirk,2017,"Action,Drama,History",7.9,517039,0.0
My Grandmother Fanny Kaplan,US,en,movie,My Grandmother Fanny Kaplan,2016,"Biography,Drama,History",6.3,105,0.0
"Three Billboards Outside Ebbing, Missouri",GB,en,movie,"Three Billboards Outside Ebbing, Missouri",2017,"Comedy,Crime,Drama",8.2,398955,0.0
Drunk Parents,US,en,movie,Drunk Parents,2019,Comedy,3.8,4501,0.0
Not by the Book,GB,en,movie,Not by the Book,2019,"Comedy,Crime,Thriller",7.7,17,0.0
Get Out,US,en,movie,Get Out,2017,"Horror,Mystery,Thriller",7.7,459794,0.0
Sicario 2: Soldado,GB,en,movie,Sicario: Day of the Soldado,2018,"Action,Adventure,Crime",7.1,115204,0.0
Tom Clancy's Jack Ryan,GB,en,tvSeries,Tom Clancy's Jack Ryan,2018,"Action,Drama,Thriller",8.1,79790,0.0
Tom Clancy's Jack Ryan,US,en,tvSeries,Tom Clancy's Jack Ryan,2018,"Action,Drama,Thriller",8.1,79790,0.0
Hostile Border,US,en,movie,Hostile Border,2015,"Drama,Thriller",5.4,525,0.0
I'll Find You,US,en,movie,I'll Find You,2019,"Drama,Music,Romance",6.8,51,0.0
Cezanne et Moi,US,en,movie,Cezanne et Moi,2016,"Biography,Drama",6.0,975,0.0
Cezanne and I,GB,en,movie,Cezanne et Moi,2016,"Biography,Drama",6.0,975,0.0
Strangers at the Door,US,en,movie,Strangers at the Door,2017,"Action,Crime,Drama",5.3,63,0.0
Wild Rose,GB,en,movie,Wild Rose,2018,"Comedy,Drama,Music",7.2,8193,0.0
The Library Suicides,GB,en,movie,The Library Suicides,2016,Thriller,5.6,114,0.0
Wild Nights with Emily,US,en,movie,Wild Nights with Emily,2018,"Comedy,History",6.0,662,0.0
Operation Finale,US,en,movie,Operation Finale,2018,"Biography,Drama,History",6.6,28105,0.0
F**Kin' Actors,US,en,tvSeries,F**Kin' Actors,2016,Comedy,7.2,19,0.0
Supersonic,GB,en,movie,Oasis: Supersonic,2016,"Biography,Documentary,Music",7.9,9631,0.0
Ederlezi Rising,US,en,movie,A.I. Rising,2018,"Drama,Romance,Sci-Fi",5.7,8099,0.0
Chappaquiddick,US,en,movie,Chappaquiddick,2017,"Drama,History,Thriller",6.5,11073,0.0
Living a Lie,GB,en,tvSeries,Living a Lie,2016,Drama,7.0,28,0.0
Fairytale of New York,US,en,movie,Fairytale of New York,2017,"Comedy,Romance",5.1,63,0.0
The Hunger,US,en,movie,The Hunger,1984,Drama,8.2,185,0.0
Close,GB,en,movie,Close,2019,"Action,Drama,Thriller",5.7,19085,0.0
The Legend of Jack Logan,US,en,movie,The Legend of Jack Logan,2016,Horror,3.1,24,0.0
Forgotten in California,US,en,movie,Forgotten in California,2016,Documentary,8.1,17,0.0
The Paternal Bond: Barbary Macaques,GB,en,movie,The Paternal Bond: Barbary Macaques,2015,Documentary,8.9,9,0.0
Heartbeat,US,en,movie,Heartbeat,2017,"Action,Crime,Drama",4.0,450,0.0
Official Secrets,GB,en,movie,Official Secrets,2019,"Biography,Crime,Drama",7.3,20253,0.0
Zero Days,US,en,movie,Zero Days,2016,Documentary,7.8,8477,0.0
Rory's Way,GB,en,movie,The Etruscan Smile,2018,Drama,6.7,847,0.0
JT LeRoy,US,en,movie,JT LeRoy,2018,"Biography,Drama",5.4,1502,0.0
Deadpool 2,US,en,movie,Deadpool 2,2018,"Action,Adventure,Comedy",7.7,450511,0.0
Signature Work,US,en,movie,Signature Work,2016,"Crime,Thriller",6.2,11,0.0
The Brave,US,en,movie,The Brave,2019,"Action,Crime,Thriller",5.0,539,0.0
APB,US,en,tvSeries,APB,2016,"Crime,Drama",6.9,5630,0.0
Egomaniac,GB,en,movie,Egomaniac,2016,"Comedy,Horror",5.4,59,0.0
When Larry Meets Mary,US,en,movie,When Larry Meets Mary,2016,"Comedy,Romance",4.7,93,0.0
Clemency,US,en,movie,Clemency,2019,Drama,6.4,1644,0.0
The Promise,US,en,tvSeries,The Promise,1978,"Drama,Thriller",6.9,57,0.0
The Shape of Water,US,en,movie,The Shape of Water,2017,"Adventure,Drama,Fantasy",7.3,350001,0.0
Kumamiko - Girl Meets Bear,GB,en,tvSeries,Kumamiko - Girl Meets Bear,2016,"Animation,Comedy",5.3,56,0.0
Love and Other Cults,GB,en,movie,Love and Other Cults,2017,"Comedy,Drama",6.0,222,0.0
Daddy's Home 2,US,en,movie,Daddy's Home 2,2017,Comedy,6.0,57786,0.0
A Cambodian Spring,GB,en,movie,A Cambodian Spring,2016,Documentary,7.6,150,0.0
Electric Dreams,GB,en,tvSeries,Electric Dreams,2017,Sci-Fi,7.3,12065,0.0
Philip K. Dick's Electric Dreams,GB,en,tvSeries,Electric Dreams,2017,Sci-Fi,7.3,12065,0.0
Electric Dreams,US,en,tvSeries,Electric Dreams,2017,Sci-Fi,7.3,12065,0.0
Cold Pursuit,GB,en,movie,Cold Pursuit,2019,"Action,Crime,Drama",6.2,51614,0.0
Spies in Disguise,US,en,movie,Spies in Disguise,2019,"Adventure,Animation,Comedy",6.8,23055,0.0
Monkey King,US,en,movie,Monkey King,2016,"Comedy,Drama",4.5,126,0.0
Walk. Ride. Rodeo.,US,en,movie,Walk. Ride. Rodeo.,2019,"Biography,Drama",6.4,1606,0.0
Sunset,US,en,movie,Sunset,2018,"Drama,Mystery",6.4,3273,0.0
Confession of Murder,US,en,movie,Memoirs of a Murderer,2017,"Drama,Mystery,Thriller",6.8,1496,0.0
Pokemon,US,en,movie,Pokémon Detective Pikachu,2019,"Adventure,Comedy,Family",6.6,125167,0.0
Escape Room,US,en,movie,Escape Room,2019,"Action,Adventure,Horror",6.3,74009,0.0
Wounds,US,en,movie,Wounds,2019,"Drama,Horror,Mystery",4.0,13394,0.0
Saints Rest,US,en,movie,Saints Rest,2018,"Drama,Music,Musical",4.7,106,0.0
Captive State,US,en,movie,Captive State,2019,"Action,Adventure,Drama",6.0,44724,0.0
I Hate Kids,US,en,movie,I Hate Kids,2019,"Adventure,Comedy",5.8,1583,0.0
Unwavering Faith,US,en,movie,Unwavering Faith,2017,Drama,6.3,18,0.0
My Days of Mercy,GB,en,movie,My Days of Mercy,2017,"Drama,Romance",6.4,2355,0.0
The Pagan King,GB,en,movie,The Pagan King: The Battle of Death,2018,"Action,Drama,History",6.2,1749,0.0
Light of My Life,US,en,movie,Light of My Life,2019,"Drama,Sci-Fi,Thriller",6.6,8111,0.0
Lucifer,US,en,movie,Lucifer,2019,"Action,Crime,Drama",7.5,6302,0.0
Here and Now,US,en,movie,Here and Now,2018,"Drama,Music,Romance",4.4,1124,0.0
Uchu Sentai Kyuranger,US,en,tvSeries,Uchu Sentai Kyuranger,2017,"Action,Sci-Fi",7.9,87,0.0
The Block,GB,en,movie,The Block,2016,Documentary,7.3,6,0.0
Madeline's Madeline,US,en,movie,Madeline's Madeline,2018,"Drama,Mystery,Thriller",6.4,3125,0.0
Late Night,US,en,movie,Late Night,2019,"Comedy,Drama",6.5,22480,0.0
The Butterfly Effect,US,en,movie,The Butterfly Effect,2010,"Comedy,Crime,Drama",6.8,106,0.0
If You're Looking for Trouble,US,en,movie,If You're Looking for Trouble,2009,"Comedy,Musical",9.3,98,0.0
The Monster,US,en,movie,Raakshas,2018,"Adventure,Drama,Family",6.8,24,0.0
Downrange,US,en,movie,Downrange,2017,"Action,Horror,Thriller",5.4,4166,0.0
Aladdin,US,en,movie,Aladdin,2019,"Adventure,Family,Fantasy",7.0,205795,0.0
Comeback,US,en,movie,Comeback,2016,Drama,6.9,113,0.0
The Lullaby,US,en,movie,The Lullaby,2017,Horror,4.4,1082,0.0
Juanita,US,en,movie,Juanita,2019,Drama,5.9,1891,0.0
Los Domirriqueños 2,US,en,movie,Los Domirriqueños 2,2019,"Comedy,Sport",5.7,34,0.0
Stray,US,en,movie,Stray,2019,"Action,Crime,Fantasy",4.8,617,0.0
The Jungle Bunch,GB,en,movie,The Jungle Bunch,2017,"Adventure,Animation,Comedy",5.3,900,0.0
Adam,US,en,movie,Adam,2019,Comedy,3.4,1316,0.0
School of Life,US,en,movie,School of Life,2017,"Comedy,Drama,Family",6.8,998,0.0
Code Geass: Lelouch of the Re;Surrection,US,en,movie,Code Geass: Lelouch of the Re;Surrection,2019,"Action,Adventure,Animation",7.4,977,0.0
Hala,US,en,movie,Hala,2019,Drama,5.8,1309,0.0
The Violin Player,US,en,movie,The Violin Player,2018,"Drama,Romance",6.1,203,0.0
Carpool Karaoke,US,en,tvSeries,Carpool Karaoke,2017,"Comedy,Music,Reality-TV",5.6,214,0.0
Downton Abbey,GB,en,movie,Downton Abbey,2019,"Drama,Romance",7.4,32141,0.0
Fast Colour,US,en,movie,Fast Colour,2018,"Drama,Sci-Fi,Thriller",6.0,3507,0.0
Alright Now,US,en,movie,Alright Now,2018,Drama,4.2,394,0.0
Betsy,US,en,movie,Betsy,2018,Horror,3.2,120,0.0
High Strung Free Dance,US,en,movie,High Strung Free Dance,2018,"Music,Romance",6.3,562,0.0
Remember Baghdad,GB,en,movie,Remember Baghdad,2016,"Documentary,History",7.8,12,0.0
Five Feet Apart,US,en,movie,Five Feet Apart,2019,"Drama,Romance",7.2,34361,0.0
Serenity,GB,en,movie,Serenity,2019,"Drama,Mystery,Thriller",5.3,31658,0.0
A Wizard's Tale,GB,en,movie,A Wizard's Tale,2018,"Adventure,Animation,Comedy",4.7,593,0.0
A Wizard's Tale,US,en,movie,A Wizard's Tale,2018,"Adventure,Animation,Comedy",4.7,593,0.0
Mantis Nest,US,en,movie,Mantis Nest,2018,Drama,8.1,9,0.0
Fighting with My Family,GB,en,movie,Fighting with My Family,2019,"Biography,Comedy,Drama",7.1,58714,0.0
Long Live Brij Mohan,US,en,movie,Long Live Brij Mohan,2017,"Comedy,Crime,Drama",6.9,2412,0.0
Love Is a Broadway Hit,US,en,movie,Love Is a Broadway Hit,2017,Romance,5.7,20,0.0
Spirit Warrior,US,en,tvSeries,Spirit Warrior,1988,"Adventure,Animation,Fantasy",4.8,13,0.0
Native Son,US,en,movie,Native Son,2019,Drama,5.7,1771,0.0
Carnage,GB,en,movie,Carnage,2017,Comedy,7.7,1235,0.0
Diane,US,en,movie,Diane,2018,Drama,6.7,1092,0.0
Woman Up,GB,en,movie,Number One,2017,"Drama,Thriller",5.9,459,0.0
The Haunting of Bly Manor,US,en,tvSeries,The Haunting of Hill House,2018,"Drama,Horror,Mystery",8.7,146106,0.0
Blue,US,en,movie,Blue,2018,Documentary,6.8,168,0.0
Weight,US,en,movie,Weight,2018,Comedy,5.5,33,0.0
The Kid Who Would Be King,GB,en,movie,The Kid Who Would Be King,2019,"Action,Adventure,Family",6.0,13439,0.0
Glass,US,en,movie,Glass,2019,"Drama,Sci-Fi,Thriller",6.7,191489,0.0
Little Heroes,US,en,movie,Little Heroes,2017,Animation,6.4,11,0.0
Us,US,en,movie,Us,2019,"Horror,Mystery,Thriller",6.9,199268,0.0
Fantastica: A Boonie Bears Adventure,US,en,movie,Fantastica: A Boonie Bears Adventure,2017,"Action,Adventure,Animation",6.1,85,0.0
To the Stars,US,en,movie,To the Stars,2019,Drama,5.9,513,0.0
Belleville Cop,US,en,movie,Belleville Cop,2018,"Comedy,Crime",4.8,1394,0.0
The Souvenir,GB,en,movie,The Souvenir,2019,"Drama,Mystery,Romance",6.5,7125,0.0
Quest for the Stanley Cup,US,en,tvSeries,Quest for the Stanley Cup,2016,Sport,8.2,6,0.0
Intuitions,US,en,movie,Intuitions,2019,"Romance,Thriller",3.5,193,0.0
Fill in the [Prank],US,en,tvSeries,Fill in the [Prank],2017,"Comedy,Reality-TV,Short",6.2,17,0.0
Driven to Dance,US,en,movie,Driven to Dance,2018,Drama,4.1,210,0.0
Kalank,US,en,movie,Kalank,2019,"Drama,Romance",3.6,10416,0.0
Share,US,en,movie,Share,2019,"Drama,Mystery",5.6,1438,0.0
Anastasia,US,en,movie,Anastasia,2019,"Adventure,Family,Fantasy",3.3,140,0.0
Super Deluxe,US,en,movie,Super Deluxe,2019,"Action,Crime,Drama",8.4,6960,0.0
Velvet Buzzsaw,US,en,movie,Velvet Buzzsaw,2019,"Horror,Mystery,Thriller",5.7,49913,0.0
For Love or Money,GB,en,movie,For Love or Money,2019,Comedy,5.6,973,0.0
A Madea Family Funeral,US,en,movie,A Madea Family Funeral,2019,Comedy,4.4,3438,0.0
Detective K: Secret of the Living Dead,US,en,movie,Detective K: Secret of the Living Dead,2018,"Comedy,Crime",6.1,335,0.0
Kill Mamba Kill!,US,en,movie,Kill Mamba Kill!,2019,"Action,Horror",6.3,12,0.0
Porthole,US,en,movie,Porthole,2018,"Comedy,Drama,Romance",3.9,46,0.0
Informer,US,en,tvSeries,Informer,2018,"Crime,Drama,Thriller",7.9,3748,0.0
Destined to Ride,US,en,movie,Destined to Ride,2018,"Adventure,Family",5.3,156,0.0
The Last Nazi,US,en,movie,The Last Nazi,2019,Drama,4.1,32,0.0
Non-Fiction,US,en,movie,Non-Fiction,2018,"Comedy,Drama,Romance",6.5,3587,0.0
Woman at War,US,en,movie,Woman at War,2018,"Adventure,Comedy,Drama",7.4,6507,0.0
Trespassers,US,en,movie,Trespassers,2018,"Horror,Thriller",5.0,1475,0.0
Dark is the Night,US,en,movie,Dark is the Night,2017,Drama,6.2,36,0.0
A Fish Out of Water,US,en,movie,A Fish Out of Water,2017,Drama,6.0,53,0.0
Shuttle Life,US,en,movie,Shuttle Life,2017,Drama,6.5,228,0.0
The Poet and the Boy,US,en,movie,The Poet and the Boy,2017,Drama,6.3,94,0.0
Ash Is Purest White,US,en,movie,Ash Is Purest White,2018,"Crime,Drama,Romance",7.0,6666,0.0
Them That Follow,US,en,movie,Them That Follow,2019,"Drama,Thriller",5.3,2118,0.0
The Art of Self-Defense,US,en,movie,The Art of Self-Defense,2019,"Comedy,Crime,Drama",6.7,22393,0.0
Good Boys,US,en,movie,Good Boys,2019,"Adventure,Comedy",6.7,49779,0.0
The Lodge,GB,en,movie,The Lodge,2019,"Drama,Horror,Thriller",6.1,14275,0.0
Is That You?,GB,en,movie,Is That You?,2018,Horror,6.8,59,0.0
GoAnimate: The Movie,US,en,movie,GoAnimate: The Movie,2006,"Action,Adventure,Animation",4.7,115,0.0
El Chicano,US,en,movie,El Chicano,2018,Drama,5.3,911,0.0
Little Monsters,GB,en,movie,Little Monsters,2019,"Comedy,Horror",6.3,9954,0.0
The Last Laugh,US,en,movie,The Last Laugh,2019,Comedy,5.6,4524,0.0
The Outlaws,US,en,movie,The Outlaws,2017,"Action,Crime",7.1,3546,0.0
One Man Dies a Million Times,US,en,movie,One Man Dies a Million Times,2019,"Drama,History",6.4,102,0.0
Young Men,GB,en,movie,Young Men,2016,"Drama,Music,War",6.7,25,0.0
The Boy Who Harnessed the Wind,GB,en,movie,The Boy Who Harnessed the Wind,2019,Drama,7.6,21274,0.0
White Dragon,US,en,tvSeries,White Dragon,2018,"Crime,Drama,Thriller",6.3,1972,0.0
Your Mother Should Know,US,en,movie,Your Mother Should Know,2018,"Comedy,Drama,Family",6.0,371,0.0
Luce,US,en,movie,Luce,2019,"Drama,Mystery",6.7,7012,0.0
What Men Want,US,en,movie,What Men Want,2019,"Comedy,Fantasy,Romance",5.2,18206,0.0
The Manson Family Massacre,GB,en,movie,The Manson Family Massacre,2019,"Crime,Horror,Thriller",3.2,222,0.0
The Massacre on Cielo Drive,US,en,movie,The Manson Family Massacre,2019,"Crime,Horror,Thriller",3.2,222,0.0
Brittany Runs a Marathon,US,en,movie,Brittany Runs a Marathon,2019,"Comedy,Drama",6.8,12453,0.0
The Honeymoon Stand-up Special,US,en,tvSeries,The Honeymoon Stand-up Special,2018,Comedy,6.8,449,0.0
The Dreaming Man,US,en,movie,The Dreaming Man,2017,"Comedy,Family,Romance",7.8,12,0.0
Harvey Girls Forever!,US,en,tvSeries,Harvey Girls Forever!,2018,"Adventure,Animation,Comedy",6.1,180,0.0
The Last Tree,GB,en,movie,The Last Tree,2019,Drama,6.1,463,0.0
Tooth Fairy,GB,en,movie,Tooth Fairy,2019,Horror,2.3,129,0.0
House of Deadly Secrets,US,en,movie,House of Deadly Secrets,2018,Mystery,5.0,467,0.0
Eye for an Eye,US,en,movie,Eye for an Eye,2019,"Drama,Thriller",6.6,4252,0.0
Ms. Purple,US,en,movie,Ms. Purple,2019,Drama,6.1,415,0.0
After the Wedding,US,en,movie,After the Wedding,2019,Drama,6.2,3998,0.0
The Plagiarists,US,en,movie,The Plagiarists,2019,Drama,5.9,213,0.0
The Russian Five,US,en,movie,The Russian Five,2018,"Documentary,Sport",8.2,753,0.0
Robin Hood Complex: The Fight Against Islamic State,GB,en,movie,Robin Hood Complex,2017,Documentary,7.3,22,0.0
Paddleton,US,en,movie,Paddleton,2019,"Comedy,Drama",7.2,9402,0.0
Immortals,US,en,tvSeries,Immortals,2018,"Action,Adventure,Drama",5.5,2352,0.0
Penguin Highway,US,en,movie,Penguin Highway,2018,"Adventure,Animation,Family",7.1,1564,0.0
Penguins,US,en,movie,Penguins,2019,"Documentary,Family",7.0,1147,0.0
Deadly Patient,US,en,movie,Deadly Patient,2018,Thriller,4.9,135,0.0
Lady and the Tramp,US,en,movie,Lady and the Tramp,2019,"Adventure,Comedy,Drama",6.3,12489,0.0
High Flying Bird,US,en,movie,High Flying Bird,2019,"Drama,Sport",6.2,6883,0.0
Honey Boy,US,en,movie,Honey Boy,2019,Drama,7.3,18104,0.0
Happy Death Day 2U,US,en,movie,Happy Death Day 2U,2019,"Comedy,Horror,Mystery",6.2,49679,0.0
Deerskin,US,en,movie,Deerskin,2019,"Comedy,Horror",6.8,4021,0.0
Soul Hunters,US,en,movie,Soul Hunters,2019,"Action,Thriller",6.2,1032,0.0
Knives and Skin,US,en,movie,Knives and Skin,2019,Drama,5.0,543,0.0
The Report,US,en,movie,The Report,2019,"Biography,Crime,Drama",7.2,25354,0.0
Christmas Survival,US,en,movie,Christmas Survival,2018,Comedy,5.0,495,0.0
Blinded by the Light,GB,en,movie,Blinded by the Light,2019,"Comedy,Drama,Music",6.9,15962,0.0
Nancy Drew and the Hidden Staircase,US,en,movie,Nancy Drew and the Hidden Staircase,2019,"Comedy,Crime,Drama",5.7,3139,0.0
Dating to Kill,US,en,movie,Dating to Kill,2019,Thriller,5.1,206,0.0
Mosul,US,en,movie,Mosul,2019,Documentary,8.7,1971,0.0
Deadly Switch,US,en,movie,Deadly Switch,2019,"Mystery,Thriller",4.5,784,0.0
Corporate Animals,US,en,movie,Corporate Animals,2019,"Comedy,Horror",4.4,1657,0.0
Hesburgh,US,en,movie,Hesburgh,2018,Documentary,7.6,86,0.0
Kill Thy Neighbor,US,en,movie,Kill Thy Neighbor,2018,"Drama,Thriller",4.5,192,0.0
Sword of Trust,US,en,movie,Sword of Trust,2019,"Comedy,Drama",6.2,1705,0.0
Porno,US,en,movie,Porno,2019,"Comedy,Horror",4.9,615,0.0
Wandering Girl,US,en,movie,Wandering Girl,2018,Drama,6.6,172,0.0
Untitled Alex Gibney/HBO Project,US,en,movie,The Inventor: Out for Blood in Silicon Valley,2019,Documentary,7.1,7049,0.0
Unsettling,GB,en,movie,Unsettling,2018,Documentary,7.3,38,0.0
iBOT,US,en,movie,iBOT,2018,"Action,Sci-Fi,Thriller",7.6,14,0.0
Romeo Akbar Walter,US,en,movie,Romeo Akbar Walter,2019,"Action,Drama,Thriller",6.5,4425,0.0
Pirates: Scarecrows Curse,GB,en,movie,Scarecrow's Revenge,2019,Horror,2.1,72,0.0
Grudge of The Mime,GB,en,movie,Scarecrow's Revenge,2019,Horror,2.1,72,0.0
The Farewell,US,en,movie,The Farewell,2019,"Comedy,Drama",7.6,39073,0.0
The Drug Hunter,US,en,tvSeries,The Drug Hunter,2018,"Action,Crime,Drama",5.4,8,0.0
Pretty Little Stalker,US,en,movie,Pretty Little Stalker,2018,Thriller,3.4,373,0.0
To Catch a Thief,US,en,tvSeries,Atrapa a un ladrón,2019,"Comedy,Crime,Drama",5.9,53,0.0
Majiji,US,en,movie,Majiji,2019,"Drama,Romance",7.2,2478,0.0
Manje Bistre 2,US,en,movie,Manje Bistre 2,2019,Drama,5.7,107,0.0
Blush,US,en,movie,Blush,2019,Drama,4.3,196,0.0
The King and I,GB,en,movie,The King and I,2018,"Drama,Musical,Romance",8.1,182,0.0
Brotherhood,GB,en,tvSeries,Irmandade,2019,"Crime,Drama,Thriller",7.6,732,0.0
One Child Nation,US,en,movie,One Child Nation,2019,"Documentary,History",7.5,3581,0.0
Jersey,US,en,movie,Jersey,2019,"Drama,Sport",8.6,5622,0.0
"Yes, God, Yes",US,en,movie,"Yes, God, Yes",2019,Drama,6.1,272,0.0
House Arrest,US,en,tvSeries,House Arrest,2018,"Comedy,Crime,Drama",7.9,820,0.0
Adopt a Highway,US,en,movie,Adopt a Highway,2019,Drama,6.2,2213,0.0
If I Were Rich Man,GB,en,movie,Si yo fuera rico,2019,Comedy,5.0,462,0.0
InstaPsycho,US,en,movie,InstaPsycho,2020,Thriller,4.6,125,0.0
The Chosen One,US,en,tvSeries,The Chosen One,2019,"Mystery,Thriller",5.6,490,0.0
Charm City Kings,US,en,movie,Charm City Kings,2020,Drama,7.2,86,0.0
Chitralahari,US,en,movie,Chitralahari,2019,Drama,7.2,1427,0.0
Driveways,US,en,movie,Driveways,2019,Drama,7.7,958,0.0
The Sound of Silence,US,en,movie,The Sound of Silence,2019,Drama,5.5,813,0.0
The Death of Dick Long,US,en,movie,The Death of Dick Long,2019,"Comedy,Crime,Drama",6.3,3144,0.0
Light from Light,US,en,movie,Light from Light,2019,Drama,5.6,303,0.0
The Sound of Harris,GB,en,movie,Caolas na Hearadh,2019,Documentary,7.1,7,0.0
Hamlet Shakespeare's Globe,GB,en,movie,Hamlet Shakespeare's Globe,2018,Drama,8.0,39,0.0
Semiconductor,US,en,movie,Semiconductor,2018,Horror,3.9,16,0.0
PM Narendra Modi,US,en,movie,PM Narendra Modi,2019,"Biography,Drama",3.2,4795,0.0
Playing with Fire,US,en,tvSeries,Playing with Fire,2019,Drama,6.1,466,0.0
The Brink,US,en,movie,The Brink,2019,Documentary,6.1,555,0.0
Fourteen,US,en,movie,Fourteen,2019,Drama,6.9,233,0.0
Killer in Suburbia,US,en,movie,Killer in Suburbia,2020,Thriller,5.1,79,0.0
The Hard Way,US,en,movie,The Hard Way,2019,Action,4.8,2164,0.0
#Anne Frank Parallel Stories,US,en,movie,#Anne Frank Parallel Stories,2019,"Documentary,Drama,History",6.6,71,0.0
